frameTime,leftEye x,leftEye y,rightEye x, rightEye y 
35.2388600000,-0.146515,0.257830,-0.092723,0.291084
35.2527700000,-0.178874,0.256693,-0.123229,0.304475
35.2671900000,-0.187662,0.258283,-0.159584,0.275601
35.2811400000,-0.190383,0.258843,-0.159908,0.275156
35.2960900000,-0.193620,0.260202,-0.178236,0.259589
35.3094900000,-0.194622,0.260901,-0.179037,0.251182
35.3238400000,-0.196221,0.260481,0.038706,-0.366967
35.3381800000,-0.197444,0.258689,0.038316,-0.366608
35.3523400000,-0.198603,0.257371,0.018864,-0.425504
35.3666400000,-0.199556,0.256664,0.018874,-0.425139
35.3811000000,-0.200189,0.255828,0.018867,-0.424892
35.3956500000,-0.202408,0.253094,-0.200743,0.198723
35.4097300000,-0.202722,0.252326,-0.200565,0.198919
35.4237300000,-0.203013,0.251661,-0.200506,0.198968
35.4381200000,-0.204937,0.244426,-0.206704,0.270950
35.4523300000,-0.191190,0.238008,-0.178756,0.268444
35.4667500000,-0.106459,0.229954,-0.066272,0.295692
35.4809100000,-0.105903,0.238695,-0.066225,0.295607
35.4955300000,-0.105669,0.239977,-0.065147,0.292292
35.5098100000,-0.103136,0.243208,-0.065149,0.292102
35.5239600000,-0.100180,0.245498,-0.060988,0.292437
35.5390900000,-0.094090,0.249350,-0.046629,0.294764
35.5530000000,-0.091337,0.250788,-0.042110,0.295735
35.5666500000,-0.077877,0.255922,-0.032866,0.294905
35.5809900000,-0.070447,0.256370,-0.026698,0.296038
35.5958100000,-0.065603,0.255741,-0.020622,0.297360
35.6097600000,-0.063376,0.254055,-0.016005,0.298417
35.6237000000,-0.050726,0.248646,0.003314,0.299398
35.6380900000,-0.039003,0.252377,0.006567,0.299284
35.6522900000,-0.035852,0.252870,0.007495,0.299089
35.6670000000,-0.023298,0.255234,0.009226,0.298624
35.6810400000,-0.016940,0.253651,0.012285,0.297989
35.6957900000,-0.014843,0.253246,0.011140,0.276649
35.7094300000,-0.021766,0.271466,0.039562,0.264547
35.7237800000,-0.011763,0.276766,0.042576,0.263335
35.7383500000,-0.000941,0.275462,0.043096,0.263110
35.7522700000,0.009641,0.271103,0.066766,0.274348
35.7664900000,0.012752,0.271084,0.073543,0.266651
35.7811100000,0.014786,0.273733,0.074112,0.265859
35.7957900000,0.033039,0.276422,0.070012,0.267057
35.8101600000,0.067154,0.278119,0.124421,0.272162
35.8247500000,0.068406,0.278790,0.125664,0.271691
35.8380400000,0.072696,0.280845,0.126202,0.270779
35.8522900000,0.085732,0.283425,0.129647,0.269591
35.8667300000,0.094439,0.284494,0.151682,0.267843
35.8809100000,0.102674,0.286172,0.152413,0.268598
35.8959500000,0.109226,0.286787,0.152607,0.271934
35.9094800000,0.113411,0.287332,0.153198,0.272370
35.9236800000,0.119814,0.287753,0.161951,0.269896
35.9382000000,0.126789,0.288432,0.170075,0.270200
35.9523100000,0.129842,0.288774,0.170137,0.270485
35.9668100000,0.139606,0.290040,0.169170,0.272307
35.9812000000,0.148671,0.291323,0.167318,0.276644
35.9961900000,0.158589,0.292879,0.198546,0.275022
36.0097400000,0.164840,0.293203,0.202151,0.274395
36.0237000000,0.173357,0.294104,0.205726,0.273157
36.0379400000,0.180813,0.294538,0.210468,0.271387
36.0527000000,0.186953,0.296072,0.222427,0.274474
36.0666900000,0.196243,0.297087,0.233133,0.274907
36.0812000000,0.207844,0.297523,0.233250,0.274030
36.0962100000,0.207844,0.297523,0.233250,0.274030
36.1095500000,0.214504,0.297857,0.236913,0.269817
36.1242000000,0.218863,0.298167,0.246736,0.271041
36.1382500000,0.226252,0.298786,0.258222,0.273195
36.1522400000,0.237793,0.299746,0.258631,0.273547
36.1665200000,0.244145,0.300719,0.272013,0.272712
36.1810900000,0.247634,0.301505,0.278082,0.272307
36.1957600000,0.257134,0.303584,0.290340,0.274248
36.2101100000,0.264403,0.304603,0.297721,0.274180
36.2240100000,0.266629,0.304958,0.298478,0.275802
36.2421200000,0.273670,0.306104,0.299633,0.276108
36.2523900000,0.281253,0.306457,0.300548,0.270573
36.2667800000,0.332391,0.315885,0.330118,0.245225
36.2808700000,0.353677,0.316960,0.357312,0.239252
36.2961800000,0.359007,0.317565,-0.000248,-0.000020
36.3095500000,0.364004,0.318341,0.381132,0.240102
36.3236800000,0.369508,0.318546,0.381312,0.239884
36.3390900000,0.379306,0.319314,0.382890,0.236353
36.3524900000,0.382612,0.319656,0.384033,0.235226
36.3666300000,0.388701,0.320901,0.385862,0.233813
36.3809000000,0.395596,0.321864,0.386298,0.232988
36.3953600000,0.404150,0.321834,0.386610,0.230700
36.4096000000,0.408119,0.322594,0.392153,0.223425
36.4236600000,0.409833,0.323212,0.400188,0.224038
36.4379100000,0.412550,0.324356,0.404042,0.223716
36.4528700000,0.418993,0.325484,0.408347,0.222613
36.4675300000,0.428759,0.324588,0.565618,0.169712
36.4808800000,0.435710,0.325190,0.565607,0.169650
36.4961100000,0.438251,0.325523,-0.000012,-0.000572
36.5094600000,0.443457,0.325305,0.000041,-0.000832
36.5238000000,0.449072,0.324960,0.000164,-0.001122
36.5383700000,0.455126,0.325223,0.000319,-0.001449
36.5522400000,0.462539,0.324966,0.000512,-0.001766
36.5665500000,0.469231,0.326023,0.508600,0.225970
36.5809700000,0.474395,0.327047,0.321245,0.362470
36.5952300000,0.477035,0.326769,0.000437,-0.000427
36.6095600000,0.479859,0.327002,0.000625,-0.000660
36.6237100000,0.481747,0.327198,0.000679,-0.000731
36.6381600000,0.485873,0.327617,0.000812,-0.000905
36.6523400000,0.490811,0.327997,0.000911,-0.001022
36.6667400000,0.494714,0.328248,0.000942,-0.001096
36.6811700000,0.499230,0.328721,0.000928,-0.001190
36.6952000000,0.502141,0.328994,0.000880,-0.001306
36.7096500000,0.505655,0.329241,0.000784,-0.001369
36.7237400000,0.508015,0.329598,0.000707,-0.001393
36.7381800000,0.511175,0.330053,0.000586,-0.001416
36.7526300000,0.512544,0.330302,0.000542,-0.001423
36.7666100000,0.514239,0.330458,0.000481,-0.001460
36.7811100000,0.517634,0.330551,0.000424,-0.001588
36.7952600000,0.523250,0.331125,0.000448,-0.001680
36.8094900000,0.551971,0.334049,0.000522,-0.001721
36.8237900000,0.555828,0.334398,0.000619,-0.001710
36.8379600000,0.558069,0.334367,0.000741,-0.001738
36.8523300000,0.559084,0.334254,0.000815,-0.001789
36.8676600000,0.560983,0.334108,0.000866,-0.001833
36.8813700000,0.563177,0.334090,0.000804,-0.001826
36.8960400000,0.564358,0.334216,0.000757,-0.001807
36.9095700000,0.566435,0.334514,0.000567,-0.001742
36.9237700000,0.568288,0.334908,0.000380,-0.001685
36.9380700000,0.569058,0.335171,0.000265,-0.001651
36.9522100000,0.570554,0.335752,0.000139,-0.001600
36.9668200000,0.571456,0.336090,0.000124,-0.001596
36.9810400000,0.572024,0.336224,0.000191,-0.001633
36.9956000000,0.572245,0.336250,0.000288,-0.001673
37.0101100000,0.572539,0.336214,0.000498,-0.001795
37.0237500000,0.572628,0.336180,0.000580,-0.001843
37.0380700000,0.572830,0.336089,0.000842,-0.001961
37.0522700000,0.572667,0.335847,0.001139,-0.002029
37.0676500000,0.566726,0.334774,0.001396,-0.001990
37.0808600000,0.557673,0.334300,0.001428,-0.001964
37.0951800000,0.554136,0.333448,0.001548,-0.001982
37.1095900000,0.547631,0.332255,0.001595,-0.002127
37.1236300000,0.543944,0.331417,0.001564,-0.002213
37.1381900000,0.535364,0.329890,0.001455,-0.002241
37.1525900000,0.531916,0.329429,0.001408,-0.002232
37.1666800000,0.522680,0.328534,0.001277,-0.002239
37.1810300000,0.513178,0.327620,0.001204,-0.002333
37.1954400000,0.502730,0.326001,0.001219,-0.002513
37.2101700000,0.443372,0.315699,0.001336,-0.002754
37.2237900000,0.436275,0.316788,0.001552,-0.002967
37.2380600000,0.431006,0.316865,0.001825,-0.003101
37.2523300000,0.427689,0.316482,0.002010,-0.003119
37.2672300000,0.419816,0.315330,0.422102,0.211303
37.2811700000,0.415246,0.314881,0.411414,0.203177
37.2952200000,0.412655,0.314669,0.400588,0.240958
37.3094100000,0.405085,0.313631,0.398878,0.238119
37.3237600000,0.399341,0.312770,0.394812,0.233707
37.3382100000,0.390185,0.312232,0.382538,0.214046
37.3526000000,0.385618,0.312476,0.378847,0.234177
37.3664800000,0.379148,0.312994,0.376817,0.227863
37.3813600000,0.368978,0.311669,0.376043,0.229336
37.3950800000,0.360305,0.310242,0.372532,0.232527
37.4101100000,0.353046,0.309185,0.359807,0.229166
37.4240700000,0.345900,0.307725,0.353689,0.225577
37.4380200000,0.339978,0.306566,0.343505,0.214811
37.4523000000,0.333476,0.305278,0.339716,0.233856
37.4667400000,0.325139,0.304200,0.337436,0.231339
37.4811300000,0.317438,0.302521,0.336987,0.232310
37.4952000000,0.309155,0.301021,0.328559,0.226572
37.5094600000,0.303627,0.300558,0.312490,0.237733
37.5236900000,0.300062,0.300057,0.311431,0.237902
37.5380700000,0.290045,0.298260,0.309438,0.237600
37.5525600000,0.283442,0.296787,0.307698,0.237277
37.5666600000,0.276093,0.296135,0.280147,0.223792
37.5811600000,0.264785,0.294751,0.275002,0.232738
37.5952700000,0.260749,0.295158,0.261795,0.230874
37.6095400000,0.258937,0.295716,0.259438,0.234497
37.6235900000,0.251049,0.296516,0.254939,0.233762
37.6380300000,0.236210,0.292350,0.254737,0.234125
37.6523300000,0.229192,0.290280,0.246091,0.240187
37.6664900000,0.226880,0.290009,0.238744,0.243062
37.6825500000,0.225103,0.290145,0.232793,0.243123
37.6956100000,0.223764,0.290252,0.231833,0.242423
37.7094300000,0.200924,0.286304,0.229520,0.239489
37.7238100000,0.191833,0.284793,0.220894,0.236166
37.7381100000,0.169150,0.279459,0.206513,0.233164
37.7522100000,0.150756,0.275899,0.194074,0.225183
37.7664900000,0.148574,0.275357,0.191334,0.225335
37.7811000000,0.147880,0.275160,0.190328,0.226259
37.7951700000,0.147311,0.274964,0.186854,0.227744
37.8102300000,0.146138,0.274716,0.164748,0.227958
37.8237600000,0.145264,0.274524,0.163379,0.228037
37.8380200000,0.135567,0.272191,0.158332,0.227894
37.8549100000,0.108792,0.265863,0.154936,0.227692
37.8666100000,0.101243,0.264875,0.148410,0.226818
37.8812200000,0.105158,0.236978,0.143121,0.227420
37.8950500000,0.100642,0.231710,0.138844,0.227818
37.9094200000,0.096686,0.223848,0.136305,0.228240
37.9237400000,0.092930,0.216362,0.130699,0.228689
37.9386900000,0.069971,0.229499,0.119106,0.228567
37.9523000000,0.069971,0.229499,0.119106,0.228567
37.9671900000,0.065506,0.231207,0.116202,0.228406
37.9812200000,0.054492,0.232532,0.111624,0.229055
37.9954800000,0.048737,0.231203,0.104541,0.229272
38.0094700000,0.042892,0.230545,0.094059,0.231479
38.0237400000,0.036480,0.233891,0.092872,0.231747
38.0379900000,0.028948,0.237452,0.092471,0.231522
38.0521900000,0.017958,0.239378,0.082745,0.230057
38.0665500000,0.009380,0.240881,0.070299,0.228746
38.0821800000,0.007221,0.241481,0.069623,0.228620
38.0951500000,0.001870,0.242167,0.066823,0.227953
38.1094700000,-0.007208,0.242211,0.059939,0.228354
38.1238600000,-0.011504,0.241807,0.051817,0.230155
38.1380700000,-0.018318,0.240862,0.047665,0.232156
38.1521600000,-0.021701,0.239550,0.045364,0.232676
38.1665000000,-0.023459,0.236924,0.043324,0.232604
38.1817200000,-0.031148,0.228496,0.038780,0.232104
38.1951400000,-0.033917,0.225923,0.035306,0.231746
38.2102900000,-0.038446,0.223141,0.022632,0.232506
38.2238000000,-0.038596,0.223143,0.019905,0.232593
38.2380400000,-0.041119,0.222648,0.014374,0.232706
38.2521700000,-0.045821,0.221518,0.008723,0.232285
38.2666200000,-0.049733,0.220227,0.001266,0.231660
38.2813100000,-0.090441,0.213701,-0.028031,0.237431
38.2950600000,-0.092979,0.212774,-0.055152,0.266405
38.3094800000,-0.099380,0.210887,-0.055892,0.266267
38.3241500000,-0.106280,0.210513,-0.057074,0.264771
38.3388700000,-0.108847,0.210392,-0.058567,0.260996
38.3524600000,-0.112840,0.210521,-0.059523,0.259711
38.3665700000,-0.115502,0.211657,-0.066148,0.255033
38.3813200000,-0.120552,0.212850,-0.074250,0.251385
38.3953900000,-0.125386,0.213922,-0.080031,0.250835
38.4096600000,-0.129753,0.214423,-0.086722,0.251053
38.4236200000,-0.134611,0.213949,-0.091753,0.250187
38.4378700000,-0.139478,0.213194,-0.096183,0.249723
38.4523400000,-0.143011,0.212742,-0.098586,0.249589
38.4665300000,-0.145366,0.212478,-0.101439,0.249350
38.4831200000,-0.149222,0.212046,-0.105463,0.242350
38.4951900000,-0.150883,0.211850,-0.105662,0.240535
38.5096800000,-0.154829,0.211346,-0.106362,0.238589
38.5237700000,-0.158599,0.210927,-0.107409,0.237156
38.5381600000,-0.162273,0.210626,-0.109286,0.235532
38.5524100000,-0.165331,0.210351,-0.111651,0.233702
38.5665400000,-0.168444,0.209713,-0.113500,0.232308
38.5816700000,-0.169494,0.209387,-0.114294,0.231717
38.5950700000,-0.171130,0.208882,-0.115596,0.230703
38.6104000000,-0.172202,0.208480,-0.116408,0.230016
38.6237000000,-0.172585,0.208319,-0.116671,0.229810
38.6379600000,-0.172821,0.208181,-0.116798,0.229682
38.6521500000,-0.173097,0.207911,-0.116822,0.229471
38.6666300000,-0.173197,0.207710,-0.116750,0.229343
38.6816500000,-0.173018,0.207610,-0.116318,0.229164
38.6951600000,-0.088848,0.209475,-0.028983,0.231111
38.7097400000,-0.088891,0.209737,-0.028963,0.231108
38.7243300000,-0.089827,0.212085,-0.028942,0.230811
38.7400200000,-0.091010,0.215833,-0.028770,0.229853
38.7523600000,-0.090778,0.215887,-0.028455,0.229229
38.7666300000,-0.083512,0.215282,-0.021588,0.234416
38.7816100000,-0.072115,0.213824,-0.011265,0.232005
38.7951500000,-0.067935,0.213495,-0.009647,0.228985
38.8094600000,-0.058889,0.213800,-0.006529,0.225144
38.8235700000,-0.055769,0.213307,-0.004222,0.224336
38.8378900000,-0.048806,0.212877,0.002486,0.225347
38.8523300000,-0.038024,0.212898,0.015670,0.224465
38.8665400000,-0.032523,0.213311,0.021428,0.221900
38.8829900000,-0.025069,0.215229,0.028110,0.222479
38.8950400000,-0.021695,0.215107,0.034895,0.224799
38.9094900000,-0.012437,0.224032,0.040915,0.225864
38.9237000000,-0.010077,0.228075,0.047348,0.226406
38.9385400000,-0.010279,0.230721,0.058623,0.225911
38.9521800000,-0.006479,0.231291,0.061337,0.226218
38.9664900000,0.009219,0.232335,0.063311,0.226661
38.9818500000,0.034513,0.229440,0.080000,0.228232
38.9950400000,0.089395,0.217933,0.108150,0.229115
39.0100400000,0.096022,0.217929,0.122515,0.229294
39.0237000000,0.098306,0.217795,0.125920,0.229530
39.0380400000,0.104291,0.217629,0.134619,0.231538
39.0523500000,0.117517,0.219730,0.147490,0.229366
39.0665600000,0.126684,0.222637,0.157343,0.230543
39.0811900000,0.133158,0.224114,0.158213,0.230505
39.0952000000,0.141118,0.225888,0.158813,0.230197
39.1093100000,0.149247,0.226879,0.159897,0.229902
39.1240700000,0.152249,0.227209,0.168723,0.230812
39.1396300000,0.158286,0.227891,0.183188,0.231445
39.1522100000,0.158286,0.227891,0.183188,0.231445
39.1666200000,0.167415,0.229858,0.183373,0.232479
39.1824900000,0.176242,0.232028,0.181681,0.235995
39.1954000000,0.185264,0.232842,0.177400,0.239161
39.2107500000,0.194150,0.234627,0.174008,0.240632
39.2236000000,0.201762,0.235482,0.226131,0.241939
39.2379500000,0.211022,0.236411,0.226878,0.241562
39.2523200000,0.214409,0.236768,0.227581,0.242944
39.2664600000,0.220831,0.237439,0.229524,0.247038
39.2827500000,0.229869,0.238682,0.244184,0.249353
39.2951400000,0.233794,0.238929,0.249818,0.248949
39.3094600000,0.236989,0.239239,0.249915,0.248899
39.3236900000,0.244062,0.240206,0.249737,0.248766
39.3381400000,0.253545,0.241870,0.249108,0.248401
39.3521900000,0.260718,0.242891,0.249012,0.248223
39.3664200000,0.269032,0.245200,0.273636,0.252097
39.3808400000,0.273795,0.245622,0.274706,0.257144
39.3951300000,0.283208,0.246716,0.276790,0.258243
39.4101800000,0.290439,0.247850,0.290040,0.248349
39.4242000000,0.293841,0.248367,0.292771,0.249185
39.4380500000,0.356521,0.256701,0.371519,0.247681
39.4521400000,0.422434,0.269060,0.405745,0.245321
39.4666400000,0.448017,0.272092,0.432282,0.258969
39.4808000000,0.000119,0.000131,0.440698,0.265095
39.4950900000,0.466686,0.273827,0.446592,0.271643
39.5093600000,0.466735,0.273902,0.461223,0.267914
39.5236500000,0.466858,0.274044,0.466095,0.267433
39.5382000000,0.467278,0.274256,0.000178,0.000481
39.5556400000,0.467858,0.274422,0.000191,0.000527
39.5667500000,0.470667,0.274964,0.000190,0.000634
39.5812000000,0.475264,0.275426,0.000153,0.000663
39.5952200000,0.480221,0.276198,0.000114,0.000667
39.6094200000,0.485004,0.277034,0.000049,0.000706
39.6237800000,0.488394,0.277983,-0.000012,0.000767
39.6379900000,0.490091,0.278485,-0.000064,0.000817
39.6522900000,0.491985,0.278939,-0.000127,0.000812
39.6667500000,0.494848,0.279493,-0.000183,0.000731
39.6834400000,0.496225,0.279644,-0.000189,0.000699
39.6951200000,0.499842,0.279720,-0.000204,0.000513
39.7118300000,0.503205,0.279836,-0.000218,0.000259
39.7236400000,0.505945,0.279968,-0.000235,0.000150
39.7383200000,0.508806,0.280031,-0.000239,0.000067
39.7521600000,0.511055,0.279931,-0.000228,-0.000031
39.7665100000,0.513630,0.279780,-0.000181,-0.000152
39.7808000000,0.516299,0.280008,-0.000137,-0.000161
39.7952100000,0.517669,0.280426,-0.000096,-0.000055
39.8103600000,0.520082,0.280935,-0.000064,0.000074
39.8236000000,0.520082,0.280935,-0.000064,0.000074
39.8380200000,0.522846,0.281410,-0.000005,0.000144
39.8521400000,0.525516,0.281710,0.000046,0.000146
39.8665000000,0.528328,0.282060,0.000096,0.000145
39.8807700000,0.531248,0.282366,0.000199,0.000109
39.8951000000,0.533825,0.282915,0.000314,-0.000002
39.9094300000,0.536312,0.283564,0.000474,-0.000118
39.9237800000,0.537587,0.283952,0.000619,-0.000153
39.9380000000,0.539486,0.284621,0.000815,-0.000052
39.9523000000,0.540288,0.284935,0.000871,-0.000008
39.9672500000,0.541960,0.285636,0.001049,0.000198
39.9808500000,0.543370,0.286344,0.001180,0.000392
39.9952900000,0.544379,0.286912,0.001252,0.000549
40.0095100000,0.557255,0.291226,0.001326,0.000851
40.0235800000,0.565537,0.295199,0.001339,0.001080
40.0380500000,0.568607,0.296031,0.001370,0.001224
40.0522000000,0.569966,0.296282,0.001395,0.001266
40.0665000000,0.572171,0.296567,0.001442,0.001247
40.0821200000,0.573492,0.296780,0.001452,0.001163
40.0952500000,0.573964,0.296890,0.001444,0.001146
40.1093500000,0.574683,0.297114,0.001413,0.001176
40.1236600000,0.575189,0.297266,0.001336,0.001257
40.1381100000,0.575408,0.297412,0.001187,0.001411
40.1521500000,0.575417,0.297513,0.001040,0.001553
40.1664900000,0.575343,0.297748,0.000792,0.001844
40.1808700000,0.575238,0.297902,0.000634,0.002031
40.1950900000,0.575098,0.298053,0.000526,0.002178
40.2125300000,0.573538,0.298397,0.000380,0.002375
40.2236700000,0.571842,0.298585,0.000346,0.002420
40.2380000000,0.567257,0.299307,0.000213,0.002581
40.2523200000,0.561165,0.298889,0.000061,0.002770
40.2665600000,0.556346,0.298064,-0.000070,0.002859
40.2810200000,0.548491,0.297392,-0.000185,0.002876
40.2951200000,0.540646,0.295112,-0.000289,0.002829
40.3093200000,0.536451,0.294716,-0.000388,0.002782
40.3240400000,0.529268,0.294232,-0.000523,0.002712
40.3380000000,0.523738,0.294152,-0.000664,0.002674
40.3522000000,0.518332,0.293316,-0.000701,0.002645
40.3665000000,0.508881,0.293139,-0.000802,0.002587
40.3810800000,0.500270,0.291079,-0.000826,0.002508
40.3952500000,0.492726,0.289695,-0.000759,0.002404
40.4095100000,0.484610,0.288547,-0.000581,0.002297
40.4235500000,0.476903,0.286124,0.464040,0.284456
40.4378700000,0.473445,0.285371,0.457149,0.256530
40.4521700000,0.467890,0.284047,0.441657,0.229314
40.4667600000,0.460947,0.283098,0.425914,0.222318
40.4833300000,0.454539,0.282310,0.427072,0.255557
40.4951600000,0.450544,0.281611,0.422876,0.251556
40.5093300000,0.443310,0.279907,0.403912,0.223227
40.5236500000,0.434141,0.278313,0.407245,0.241335
40.5383400000,0.418883,0.277032,0.404518,0.248342
40.5521600000,0.410545,0.275531,0.393712,0.238532
40.5665600000,0.398295,0.274081,0.382791,0.233056
40.5812500000,0.395646,0.273463,0.372216,0.222565
40.5953100000,0.390146,0.271882,0.365617,0.213926
40.6099200000,0.385542,0.270835,0.365072,0.213151
40.6248100000,0.375498,0.269269,0.357252,0.210800
40.6382700000,0.368617,0.268130,0.350274,0.209981
40.6522300000,0.358604,0.265220,0.342369,0.209319
40.6666200000,0.354677,0.264664,0.340896,0.207860
40.6807300000,0.348728,0.263733,0.335367,0.204768
40.6950800000,0.344112,0.262843,0.321480,0.206450
40.7094800000,0.338598,0.261786,0.316730,0.208255
40.7236100000,0.327704,0.260099,0.298955,0.207879
40.7386100000,0.322156,0.259770,0.000343,0.000277
40.7530700000,0.317087,0.258965,0.000389,0.000291
40.7670200000,0.307564,0.258267,0.267090,0.208137
40.7811900000,0.298735,0.256140,0.267219,0.208238
40.7953000000,0.289174,0.253973,0.275383,0.260078
40.8095500000,0.282742,0.253062,0.275427,0.259980
40.8235700000,0.270349,0.251835,0.263099,0.244579
40.8378800000,0.267378,0.251377,0.260594,0.247890
40.8522400000,0.264630,0.250875,0.249071,0.240993
40.8671000000,0.260618,0.250132,0.246842,0.245809
40.8832100000,0.258421,0.249766,0.246881,0.245867
40.8951300000,0.245516,0.247972,0.246957,0.246043
40.9093700000,0.238105,0.246716,0.243437,0.244249
40.9236900000,0.228857,0.245390,0.226350,0.245938
40.9381200000,0.221547,0.244864,0.226201,0.245986
40.9521000000,0.191939,0.241370,0.241361,0.245995
40.9668900000,0.174229,0.242632,0.259163,0.245726
40.9807500000,0.171458,0.242256,0.259817,0.245787
40.9951300000,0.168067,0.241126,0.171540,0.254985
41.0094500000,0.165980,0.239851,0.170205,0.253240
41.0236300000,0.163914,0.238961,0.169185,0.252369
41.0380200000,0.155560,0.237753,0.166019,0.251700
41.0522000000,0.145469,0.238611,0.164812,0.250908
41.0673900000,0.139004,0.238411,0.162092,0.249799
41.0807100000,0.134114,0.238015,0.157039,0.250933
41.0950100000,0.128240,0.237378,0.150354,0.253602
41.1094100000,0.122353,0.236708,0.143570,0.252889
41.1237700000,0.118498,0.236721,0.139989,0.252585
41.1381300000,0.078363,0.260028,0.135521,0.251927
41.1530600000,0.078025,0.259653,0.133886,0.251725
41.1670700000,0.075773,0.257570,0.129077,0.252996
41.1809200000,0.074959,0.256694,0.123596,0.253611
41.1955300000,0.073249,0.256354,0.116402,0.251534
41.2104500000,0.064736,0.263905,0.114184,0.250540
41.2237100000,0.054122,0.253753,0.112224,0.250385
41.2379000000,0.049275,0.250732,0.107546,0.248990
41.2521300000,0.045591,0.249057,0.105756,0.248375
41.2674800000,0.039121,0.249262,0.096711,0.245786
41.2811100000,0.038598,0.248071,0.095197,0.245175
41.2950700000,-0.006698,0.234230,0.063457,0.241573
41.3094200000,-0.014567,0.231392,0.038147,0.241456
41.3236500000,-0.017938,0.228662,0.036822,0.242107
41.3380600000,-0.018246,0.228505,0.036852,0.243023
41.3520300000,-0.021816,0.228690,0.036804,0.244692
41.3670400000,-0.024328,0.228787,0.035852,0.246077
41.3807400000,-0.026474,0.228078,0.033938,0.245654
41.3955300000,-0.031188,0.225596,0.023608,0.243069
41.4095800000,-0.036453,0.223215,0.018549,0.241255
41.4236000000,-0.038830,0.221802,0.016226,0.240320
41.4382500000,-0.039471,0.221327,0.011856,0.238906
41.4521500000,-0.040914,0.221095,0.007874,0.237941
41.4673300000,-0.045602,0.221039,0.003446,0.236831
41.4807600000,-0.055659,0.219367,-0.001585,0.235648
41.4949200000,-0.059623,0.217417,-0.005221,0.234899
41.5093400000,-0.065177,0.217467,-0.009507,0.234489
41.5236800000,-0.093340,0.209389,-0.041765,0.261561
41.5381300000,-0.111501,0.208885,-0.053747,0.245570
41.5522800000,-0.115180,0.208898,-0.056617,0.241537
41.5670600000,-0.119433,0.208979,-0.063420,0.246289
41.5809600000,-0.122824,0.209051,-0.065026,0.247409
41.5951900000,-0.125762,0.208850,-0.066840,0.247766
41.6096500000,-0.128807,0.208214,-0.068603,0.247812
41.6239000000,-0.132125,0.207416,-0.072247,0.247922
41.6386100000,-0.134758,0.206745,-0.076253,0.246958
41.6521200000,-0.135824,0.206620,-0.078940,0.247238
41.6673300000,-0.137519,0.206356,-0.083229,0.245339
41.6840500000,-0.138953,0.206024,-0.086366,0.246423
41.6953200000,-0.138953,0.206024,-0.086366,0.246423
41.7106700000,-0.140675,0.205462,-0.088292,0.247496
41.7236400000,-0.144219,0.205059,-0.099918,0.253297
41.7385100000,-0.181320,0.197129,-0.157320,0.220480
41.7521400000,-0.182222,0.193958,-0.158668,0.223896
41.7672400000,-0.183342,0.192388,-0.159425,0.219961
41.7806600000,-0.183994,0.191736,-0.159648,0.217524
41.7950100000,-0.197039,0.198994,-0.158292,0.221659
41.8095100000,-0.197756,0.199563,-0.161972,0.220247
41.8236800000,-0.270982,0.183352,-0.064487,0.276568
41.8380900000,-0.184179,0.190758,-0.064762,0.275384
41.8521700000,-0.184257,0.190769,-0.065792,0.271651
41.8671100000,-0.184465,0.190822,-0.069679,0.264366
41.8807200000,-0.184648,0.190873,-0.074162,0.247677
41.8949300000,-0.154728,0.199191,-0.074290,0.249207
41.9094200000,-0.154030,0.199463,-0.063906,0.258295
41.9236300000,-0.153319,0.199741,-0.058366,0.260240
41.9382600000,-0.137866,0.203057,-0.049881,0.263624
41.9521800000,-0.086978,0.207056,-0.047501,0.264092
41.9670900000,-0.085717,0.207753,-0.029635,0.255807
41.9807700000,-0.080461,0.207355,-0.019228,0.253688
41.9951900000,-0.077714,0.207366,-0.014675,0.254208
42.0094800000,-0.063987,0.209964,-0.009112,0.255258
42.0235400000,-0.063402,0.210059,-0.001523,0.254283
42.0385300000,-0.052792,0.210896,0.006791,0.254072
42.0520900000,-0.043576,0.209765,0.012968,0.253283
42.0679800000,-0.037481,0.211662,0.017769,0.253432
42.0812500000,-0.035302,0.212221,0.027545,0.254283
42.0950900000,-0.035274,0.210951,0.031039,0.254467
42.1094400000,-0.030889,0.220595,0.040716,0.255146
42.1236100000,-0.024410,0.236655,0.052430,0.253121
42.1381000000,-0.019398,0.237196,0.056158,0.245838
42.1521800000,-0.013157,0.237489,0.059457,0.244159
42.1664300000,0.003736,0.239259,0.070238,0.243920
42.1808500000,0.006402,0.242450,0.083648,0.255877
42.1950600000,0.008599,0.243415,0.083529,0.255861
42.2105800000,0.047980,0.242107,0.088605,0.252328
42.2240400000,0.066986,0.243728,0.136799,0.247156
42.2377700000,0.080812,0.245476,0.152600,0.244283
42.2522700000,0.083893,0.245590,0.153142,0.244410
42.2666500000,0.086067,0.245559,0.149007,0.248753
42.2806800000,0.088365,0.245566,0.145458,0.252681
42.2949300000,0.098911,0.247084,0.144869,0.253306
42.3094600000,0.114081,0.250096,0.146170,0.253126
42.3236900000,0.124560,0.252193,0.174195,0.244182
42.3383700000,0.128622,0.252665,0.181064,0.243778
42.3524700000,0.130352,0.252817,0.181401,0.244448
42.3666300000,0.133345,0.253084,0.182069,0.246392
42.3807600000,0.147113,0.254315,0.184505,0.253020
42.3950900000,0.157178,0.255298,0.194730,0.253863
42.4096900000,0.164463,0.256057,0.209280,0.252327
42.4234800000,0.173938,0.257369,0.210154,0.251962
42.4379700000,0.177250,0.257797,0.211497,0.250861
42.4523600000,0.182863,0.258533,0.215098,0.248985
42.4675700000,0.194382,0.260905,0.224494,0.252182
42.4821900000,0.198600,0.261295,0.229573,0.252028
42.4950900000,0.204259,0.262097,0.235816,0.252083
42.5093600000,0.209521,0.263117,0.246489,0.252129
42.5236800000,0.222614,0.265413,0.251850,0.253477
42.5380200000,0.225372,0.265845,0.255050,0.253566
42.5524400000,0.230245,0.266080,0.267425,0.252818
42.5663600000,0.239651,0.267075,0.278341,0.256457
42.5810700000,0.250293,0.268172,0.280399,0.257782
42.5950800000,0.260131,0.269761,0.281507,0.259118
42.6094700000,0.266653,0.270906,0.290998,0.260696
42.6236400000,0.269775,0.271856,0.294874,0.251047
42.6380200000,0.280052,0.273321,0.320264,0.256745
42.6524800000,0.287182,0.274027,0.322719,0.251125
42.6665100000,0.296550,0.274677,0.324315,0.248732
42.6807000000,0.302992,0.275849,0.325011,0.248596
42.6949100000,0.309363,0.276907,0.348765,0.246337
42.7102100000,0.313878,0.277070,0.349544,0.246443
42.7235200000,0.320740,0.277511,0.350703,0.238176
42.7386400000,0.331456,0.279417,0.359825,0.245617
42.7524500000,0.336031,0.280118,0.361771,0.247998
42.7665300000,0.341556,0.281587,0.363462,0.248719
42.7807700000,0.351574,0.283207,0.374625,0.247988
42.7952000000,0.363166,0.283144,0.380663,0.253513
42.8095100000,0.368419,0.284878,0.389141,0.254203
42.8235200000,0.378708,0.285715,0.394461,0.247914
42.8379200000,0.390858,0.284943,0.400242,0.221613
42.8524700000,0.393019,0.284751,0.411988,0.247075
42.8704600000,0.395753,0.284468,0.414577,0.249092
42.8808800000,0.395753,0.284468,0.414577,0.249092
42.8950800000,0.398819,0.284271,0.416584,0.234681
42.9093600000,0.412677,0.285510,0.430047,0.243123
42.9236800000,0.445358,0.293267,0.448416,0.232807
42.9381400000,0.458565,0.296956,0.451304,0.231811
42.9525800000,0.464362,0.297635,0.451142,0.230877
42.9664200000,0.470950,0.297768,0.451864,0.229573
42.9807500000,0.474765,0.298694,0.472636,0.223871
42.9950400000,0.481541,0.300436,0.477178,0.223116
43.0094700000,0.484157,0.301072,0.479451,0.222557
43.0235300000,0.492251,0.301156,0.482724,0.223700
43.0377600000,0.495125,0.301749,0.434405,0.264998
43.0524900000,0.500023,0.302911,-0.000951,0.000262
43.0665400000,0.503560,0.303558,-0.001250,0.000281
43.0809200000,0.507022,0.304047,-0.001461,0.000354
43.0949000000,0.511516,0.304322,-0.001584,0.000483
43.1094200000,0.514983,0.304737,-0.001624,0.000612
43.1235300000,0.517087,0.305154,-0.001609,0.000681
43.1382600000,0.522403,0.306199,-0.001507,0.000761
43.1527200000,0.525374,0.306886,-0.001456,0.000778
43.1665000000,0.528587,0.307383,-0.001307,0.000789
43.1807800000,0.531520,0.307718,-0.001140,0.000721
43.1950900000,0.534799,0.307750,-0.000992,0.000635
43.2098000000,0.536185,0.307763,-0.000944,0.000605
43.2235500000,0.538820,0.307740,-0.000921,0.000592
43.2378000000,0.540636,0.307635,-0.000960,0.000626
43.2525200000,0.541340,0.307570,-0.001006,0.000639
43.2664800000,0.542526,0.307429,-0.001062,0.000638
43.2827700000,0.543504,0.307208,-0.001094,0.000571
43.2950700000,0.543915,0.307114,-0.001089,0.000554
43.3093800000,0.544608,0.306892,-0.001079,0.000505
43.3240300000,0.545115,0.306703,-0.001025,0.000459
43.3384700000,0.545419,0.306599,-0.000975,0.000443
43.3524400000,0.545624,0.306471,-0.000915,0.000399
43.3663100000,0.545773,0.306285,-0.000834,0.000305
43.3807100000,0.545861,0.306148,-0.000774,0.000239
43.3950800000,0.545949,0.306051,-0.000656,0.000174
43.4097100000,0.545790,0.305977,-0.000545,0.000208
43.4235800000,0.545326,0.305760,-0.000503,0.000234
43.4380500000,0.542557,0.305001,-0.000417,0.000287
43.4525400000,0.537926,0.303683,-0.000322,0.000358
43.4665300000,0.532222,0.302579,-0.000233,0.000433
43.4806400000,0.524446,0.301153,-0.000170,0.000498
43.4949000000,0.518094,0.301327,-0.000168,0.000513
43.5094000000,0.509570,0.300537,-0.000190,0.000482
43.5234700000,0.504781,0.300350,-0.000203,0.000448
43.5381900000,0.495324,0.299042,-0.000217,0.000357
43.5525200000,0.495324,0.299042,-0.000217,0.000357
43.5665900000,0.488916,0.298179,-0.000159,0.000211
43.5807400000,0.481526,0.297673,-0.000028,0.000082
43.5953100000,0.469319,0.296247,0.000145,-0.000062
43.6094900000,0.464883,0.295644,0.000382,-0.000241
43.6235400000,0.461131,0.294896,0.000687,-0.000460
43.6379900000,0.450276,0.293569,0.001042,-0.000627
43.6528800000,0.443799,0.293125,0.001337,-0.000724
43.6663500000,0.436176,0.293414,0.001737,-0.000893
43.6808000000,0.435064,0.293212,0.435873,0.209801
43.6956400000,0.433416,0.292399,0.436292,0.209268
43.7106600000,0.430944,0.291161,0.419159,0.204509
43.7236500000,0.427211,0.289969,0.402991,0.258122
43.7382700000,0.400548,0.287215,0.397869,0.228431
43.7525000000,0.387518,0.285556,0.394500,0.233065
43.7662700000,0.380571,0.285020,0.372391,0.220840
43.7807400000,0.373817,0.284077,0.367262,0.215091
43.7952400000,0.361495,0.283221,0.368293,0.231250
43.8096400000,0.358042,0.282893,0.368215,0.232892
43.8235400000,0.348285,0.281102,0.365906,0.235777
43.8377800000,0.341950,0.280351,0.363855,0.237179
43.8526900000,0.333917,0.279525,0.355598,0.226015
43.8665200000,0.325663,0.278277,0.351684,0.229549
43.8806600000,0.321488,0.278230,0.347912,0.231306
43.8948900000,0.315511,0.277214,0.340541,0.233690
43.9094700000,0.312909,0.276468,0.335953,0.235040
43.9234600000,0.306150,0.274638,0.324834,0.236600
43.9390000000,0.293708,0.272637,0.321834,0.218220
43.9527200000,0.289901,0.272337,0.321660,0.216649
43.9663800000,0.268528,0.269818,0.322273,0.210061
43.9807000000,0.228932,0.251040,0.338544,0.229628
43.9951400000,0.224790,0.250394,0.252332,0.246309
44.0102900000,0.218194,0.249667,0.251218,0.247517
44.0234200000,0.208445,0.248245,0.250600,0.247085
44.0378500000,0.201802,0.247530,0.241801,0.242623
44.0527400000,0.197762,0.247654,0.240047,0.242648
44.0663700000,0.193913,0.247338,0.235022,0.243360
44.0807300000,0.187815,0.246817,0.233471,0.243614
44.0955000000,0.183417,0.246439,0.232538,0.243459
44.1140700000,0.175380,0.245467,0.224094,0.241615
44.1236200000,0.165179,0.244830,0.219120,0.237489
44.1381200000,0.157924,0.243704,0.214233,0.239144
44.1526400000,0.149113,0.242260,0.209869,0.240027
44.1663900000,0.142378,0.241326,0.203070,0.242474
44.1807500000,0.137937,0.240970,0.202364,0.242792
44.1952000000,0.127969,0.239649,0.201398,0.242503
44.2096600000,0.124098,0.239006,0.192214,0.242124
44.2241300000,0.115117,0.237295,0.175660,0.246156
44.2377300000,0.110645,0.236709,0.170499,0.245835
44.2532100000,0.101863,0.235847,0.165195,0.243890
44.2664600000,0.095513,0.234860,0.164572,0.242458
44.2806200000,0.088685,0.233721,0.164151,0.242668
44.2948700000,0.080559,0.232008,0.147704,0.245576
44.3093400000,0.076811,0.231604,0.143548,0.245419
44.3235300000,0.073440,0.234557,0.138998,0.244115
44.3383000000,0.072944,0.237430,0.137041,0.244618
44.3532500000,0.071102,0.238622,0.134573,0.246743
44.3664800000,0.046953,0.236553,0.101723,0.255732
44.3807600000,0.043243,0.238020,0.100785,0.254801
44.3951000000,0.042889,0.238693,0.100212,0.253612
44.4095000000,0.038769,0.242796,0.100668,0.250038
44.4235200000,0.023058,0.242827,0.101459,0.247266
44.4378000000,0.015581,0.243734,0.099421,0.245826
44.4523200000,0.002983,0.246577,0.077489,0.244289
44.4677200000,-0.001218,0.249909,0.069688,0.243620
44.4813300000,-0.003216,0.252491,0.067287,0.242434
44.4954400000,-0.004390,0.253682,0.064181,0.242101
44.5092700000,-0.006213,0.253173,0.062495,0.243120
44.5236500000,-0.012624,0.252984,0.056571,0.244531
44.5382200000,-0.020566,0.252606,0.051904,0.244007
44.5522900000,-0.026679,0.252598,0.044383,0.242755
44.5662700000,-0.030094,0.252531,0.038379,0.241533
44.5807900000,-0.033415,0.252193,0.036927,0.240063
44.5950000000,-0.035723,0.250535,0.036393,0.239068
44.6094100000,-0.074173,0.235134,0.011630,0.241869
44.6236000000,-0.075902,0.234785,0.009003,0.241955
44.6377200000,-0.078170,0.233762,0.003327,0.242404
44.6521300000,-0.080492,0.229417,-0.001723,0.256548
44.6664600000,-0.081075,0.227491,-0.007844,0.327876
44.6805700000,-0.082122,0.225425,-0.007659,0.327807
44.6950600000,-0.083393,0.223114,-0.007635,0.327744
44.7097800000,-0.083430,0.222967,-0.007739,0.327685
44.7237800000,-0.083581,0.222464,-0.026075,0.283882
44.7385600000,-0.083503,0.222378,-0.026114,0.283707
44.7535900000,-0.083471,0.222106,-0.026230,0.283556
44.7668800000,-0.083414,0.221085,-0.026530,0.283348
44.7810100000,-0.083730,0.218678,-0.027215,0.283124
44.7951400000,-0.084473,0.217030,-0.031015,0.282561
44.8092300000,-0.089810,0.214379,-0.035912,0.269904
44.8235700000,-0.147450,0.203301,-0.086694,0.253263
44.8376800000,-0.154696,0.201852,-0.095601,0.251287
44.8532100000,-0.157833,0.201478,-0.097600,0.251127
44.8665000000,-0.162444,0.200904,-0.099357,0.252982
44.8807400000,-0.166602,0.200536,-0.101183,0.254608
44.8950500000,-0.167757,0.200446,-0.102097,0.255353
44.9094100000,-0.169099,0.200344,-0.103348,0.256230
44.9245800000,-0.171187,0.200112,-0.105468,0.257460
44.9381100000,-0.172599,0.199916,-0.107445,0.258362
44.9522100000,-0.173701,0.199772,-0.141758,0.251846
44.9662800000,-0.174546,0.199620,-0.142965,0.251563
44.9810400000,-0.174826,0.199589,-0.143499,0.251440
44.9950300000,-0.175242,0.199509,-0.146271,0.250172
45.0101200000,-0.175515,0.199457,-0.147094,0.217452
45.0235300000,-0.175597,0.199445,-0.144676,0.202075
45.0377500000,-0.175713,0.199372,-0.144538,0.196659
45.0520900000,-0.175478,0.199353,-0.158989,0.242248
45.0664400000,-0.094038,0.210120,-0.052810,0.276763
45.0805700000,-0.093296,0.210158,-0.052045,0.276505
45.0948900000,-0.090589,0.210859,-0.049618,0.276987
45.1093100000,-0.088329,0.214449,-0.046049,0.278436
45.1234900000,-0.088414,0.214620,-0.041513,0.279368
45.1382100000,-0.084775,0.216745,-0.031982,0.278849
45.1538600000,-0.079030,0.218734,-0.029228,0.278285
45.1665300000,-0.075006,0.218140,-0.018608,0.279514
45.1807900000,-0.062494,0.215387,-0.011337,0.280991
45.1953600000,-0.055686,0.216150,-0.001789,0.282285
45.2093000000,-0.052024,0.217286,0.008131,0.283125
45.2234500000,-0.040473,0.221554,0.014405,0.282447
45.2377400000,-0.033927,0.224305,0.019777,0.282531
45.2522200000,-0.029444,0.225791,0.025336,0.282516
45.2669600000,-0.028587,0.225220,0.032339,0.282396
45.2806500000,-0.026422,0.233241,0.040186,0.281991
45.2950600000,-0.026705,0.247393,0.043362,0.282164
45.3095700000,-0.019626,0.257171,0.045009,0.274625
45.3236100000,-0.016856,0.256180,0.050446,0.267370
45.3380900000,-0.010914,0.254565,0.058849,0.259356
45.3521400000,0.004011,0.254136,0.066011,0.255411
45.3662800000,0.014013,0.253666,0.069030,0.254267
45.3807400000,0.021044,0.253313,0.075096,0.253544
45.3950000000,0.025768,0.252652,0.081430,0.254516
45.4101900000,0.037931,0.245617,0.082676,0.254688
45.4235200000,0.037931,0.245617,0.082676,0.254688
45.4381400000,0.044298,0.246130,0.087528,0.257139
45.4520600000,0.074991,0.259990,0.124473,0.256348
45.4671200000,0.091539,0.264311,0.144573,0.251857
45.4805800000,0.098623,0.265244,0.144158,0.250064
45.4949000000,0.105650,0.266360,0.138671,0.247833
45.5094100000,0.113034,0.268018,0.137001,0.247267
45.5234300000,0.122340,0.269019,0.133944,0.246665
45.5387000000,0.129247,0.269814,0.137176,0.245181
45.5520500000,0.131686,0.270218,0.181678,0.249106
45.5670200000,0.141899,0.271981,0.181935,0.250587
45.5806700000,0.145674,0.273157,0.183227,0.250518
45.5950600000,0.152757,0.274877,0.192708,0.252714
45.6092300000,0.160836,0.276192,0.199491,0.252075
45.6234200000,0.166685,0.276994,0.204855,0.250826
45.6377400000,0.176662,0.278556,0.209149,0.252386
45.6522200000,0.181185,0.279347,0.214582,0.252637
45.6672300000,0.189108,0.280416,0.227091,0.253723
45.6807600000,0.192816,0.280890,0.227308,0.253932
45.6950600000,0.200404,0.282236,0.227337,0.253999
45.7094000000,0.207277,0.283393,0.227473,0.254147
45.7237000000,0.217444,0.284862,0.254705,0.257356
45.7385500000,0.225757,0.286558,0.254338,0.262710
45.7520200000,0.229096,0.287305,0.256047,0.265307
45.7662800000,0.242620,0.289062,0.260401,0.270184
45.7809000000,0.275451,0.292936,0.298080,0.267128
45.7949200000,0.295734,0.293715,0.328035,0.266806
45.8101800000,0.301605,0.293869,0.328958,0.270059
45.8235500000,0.306956,0.293334,0.318201,0.276937
45.8381100000,0.311404,0.292739,0.300150,0.262130
45.8520300000,0.320983,0.293933,0.295529,0.257163
45.8664700000,0.328649,0.295693,0.294477,0.254920
45.8807500000,0.333610,0.296424,0.347441,0.265410
45.8948900000,0.343575,0.298568,0.355966,0.264311
45.9092600000,0.347627,0.299833,0.366461,0.267730
45.9235500000,0.349709,0.300584,0.369284,0.267743
45.9378700000,0.354072,0.301542,0.375407,0.267339
45.9533500000,0.358850,0.301881,0.379979,0.253257
45.9663900000,0.369219,0.301572,0.383695,0.256358
45.9806500000,0.378259,0.302828,0.384576,0.249528
45.9951500000,0.385654,0.304383,0.387723,0.242481
46.0094100000,0.395337,0.306187,0.410292,0.265219
46.0235200000,0.404892,0.306731,0.411336,0.257286
46.0378100000,0.412811,0.307995,0.410625,0.235451
46.0520800000,0.417546,0.307673,0.410359,0.231225
46.0663200000,0.423028,0.309019,0.410158,0.226460
46.0815500000,0.423733,0.309736,0.410277,0.224909
46.0948900000,0.424786,0.310794,0.411127,0.223647
46.1100500000,0.428596,0.313770,0.416338,0.222306
46.1235800000,0.437716,0.315441,0.427808,0.222109
46.1383800000,0.446913,0.316802,0.430479,0.220863
46.1519600000,0.452199,0.318385,0.433787,0.220237
46.1667100000,0.458535,0.319197,0.436353,0.220614
46.1806300000,0.460758,0.320007,0.441988,0.221005
46.1954100000,0.465003,0.321718,0.456260,0.223705
46.2115000000,0.467692,0.322637,0.449778,0.213091
46.2235800000,0.472999,0.324013,0.450659,0.214708
46.2381500000,0.479192,0.325572,-0.000924,0.000170
46.2520100000,0.498742,0.328750,-0.001243,0.000190
46.2664600000,0.500768,0.329433,-0.001451,0.000130
46.2807400000,0.503128,0.331204,-0.001776,-0.000112
46.2948600000,0.505097,0.333142,-0.001972,-0.000324
46.3092300000,0.507452,0.334994,-0.002076,-0.000516
46.3235300000,0.509538,0.335850,-0.002123,-0.000648
46.3391300000,0.515784,0.335700,-0.002092,-0.000877
46.3520700000,0.521912,0.334937,-0.001987,-0.001161
46.3665700000,0.522887,0.334938,-0.001919,-0.001248
46.3807100000,0.525181,0.334991,-0.001681,-0.001499
46.3954900000,0.526969,0.335147,-0.001373,-0.001689
46.4094300000,0.528462,0.335412,-0.001088,-0.001755
46.4236000000,0.529174,0.335496,-0.000889,-0.001813
46.4382100000,0.530433,0.335580,-0.000592,-0.001948
46.4520900000,0.530946,0.335556,-0.000433,-0.002027
46.4664700000,0.531671,0.335539,-0.000244,-0.002102
46.4806400000,0.531936,0.335551,-0.000188,-0.002109
46.4951200000,0.532318,0.335573,-0.000100,-0.002068
46.5092700000,0.532665,0.335594,-0.000061,-0.001961
46.5235900000,0.532919,0.335611,-0.000114,-0.001822
46.5386500000,0.533153,0.335525,-0.000261,-0.001789
46.5520100000,0.538988,0.335653,0.190996,0.439641
46.5662800000,0.550872,0.337402,0.203457,0.459645
46.5806400000,0.552168,0.337738,0.208951,0.382612
46.5948700000,0.554254,0.338407,0.000167,0.000207
46.6092800000,0.555102,0.338648,0.000221,0.000263
46.6235200000,0.555607,0.338724,0.000250,0.000267
46.6383200000,0.556127,0.338772,0.000355,0.000277
46.6520800000,0.556284,0.338717,0.000460,0.000218
46.6663400000,0.555166,0.338329,0.000534,0.000163
46.6805700000,0.536008,0.334748,0.000569,0.000092
46.6948700000,0.531180,0.333900,0.000582,0.000000
46.7091500000,0.528749,0.333344,0.000564,-0.000042
46.7249100000,0.518976,0.331640,0.000489,-0.000063
46.7390700000,0.509130,0.330786,0.000346,0.000005
46.7521000000,0.506000,0.330574,0.000283,0.000044
46.7666200000,0.497672,0.328939,0.000010,0.000174
46.7806200000,0.493726,0.328319,-0.000214,0.000250
46.7950500000,0.485018,0.327711,-0.000661,0.000395
46.8092400000,0.477115,0.326838,-0.001043,0.000489
46.8234300000,0.470318,0.326040,-0.001387,0.000539
46.8383900000,0.462993,0.324593,-0.001691,0.000523
46.8523400000,0.459388,0.323089,-0.001834,0.000471
46.8666500000,0.449648,0.320986,0.421205,0.225062
46.8816400000,0.442827,0.319967,0.419067,0.226238
46.8952400000,0.401069,0.313575,0.397778,0.228097
46.9092400000,0.395400,0.314041,0.383790,0.227087
46.9236200000,0.389997,0.315035,0.000122,-0.000164
46.9385900000,0.382399,0.314390,0.366488,0.273012
46.9519200000,0.371668,0.313690,0.366384,0.250399
46.9663000000,0.367148,0.310917,0.365687,0.246700
46.9807100000,0.364145,0.309238,0.364326,0.244921
46.9951500000,0.355224,0.308051,0.347724,0.228913
47.0101900000,0.344788,0.306810,0.340945,0.222428
47.0234500000,0.341326,0.306388,0.339082,0.221046
47.0385500000,0.333195,0.305841,0.332343,0.218818
47.0520300000,0.326535,0.304615,0.321486,0.215426
47.0664100000,0.316426,0.303177,0.320325,0.240082
47.0805200000,0.309554,0.302046,0.302125,0.225048
47.0951100000,0.299820,0.301654,0.280651,0.219527
47.1091700000,0.293028,0.300971,0.279922,0.237201
47.1237500000,0.290069,0.300825,0.278561,0.236800
47.1396200000,0.286545,0.300681,0.271676,0.232717
47.1522500000,0.285159,0.300632,0.270931,0.231976
47.1662800000,0.281016,0.300257,0.264496,0.251533
47.1806300000,0.259274,0.298140,0.264173,0.251671
47.1951500000,0.251300,0.295387,0.257639,0.249742
47.2094600000,0.242130,0.294153,0.249424,0.239936
47.2254900000,0.235563,0.294041,0.248347,0.242087
47.2379500000,0.225612,0.293691,0.244845,0.246136
47.2520300000,0.218743,0.291589,0.242396,0.246338
47.2663000000,0.210052,0.291049,0.236200,0.247155
47.2806000000,0.206407,0.290127,0.235152,0.246513
47.2950700000,0.204237,0.289515,0.234712,0.245994
47.3091900000,0.199864,0.287766,0.220680,0.235099
47.3236000000,0.187461,0.285446,0.214193,0.247129
47.3389500000,0.180191,0.284057,0.205677,0.245144
47.3519300000,0.169271,0.281940,0.203881,0.245108
47.3663200000,0.162813,0.280632,0.199934,0.247699
47.3806800000,0.157924,0.279872,0.187434,0.250770
47.3950100000,0.142296,0.276230,0.180133,0.253320
47.4101400000,0.110817,0.274181,0.156157,0.261698
47.4235200000,0.107394,0.274371,0.155008,0.259339
47.4384800000,0.105852,0.255112,0.148084,0.259037
47.4520200000,0.106998,0.251261,0.146159,0.257752
47.4663400000,0.106049,0.237794,0.134429,0.260688
47.4805300000,0.104537,0.236715,0.131478,0.260236
47.4954800000,0.096116,0.233593,0.128225,0.260210
47.5091900000,0.093111,0.232735,0.127514,0.261216
47.5236400000,0.072458,0.247416,0.125660,0.264234
47.5387900000,0.067098,0.248277,0.123056,0.266083
47.5521600000,0.064249,0.248310,0.120593,0.265415
47.5662400000,0.058140,0.248411,0.112287,0.260927
47.5805400000,0.054556,0.248346,0.106708,0.256674
47.5962900000,0.050596,0.249010,0.103246,0.255380
47.6095600000,0.047182,0.250617,0.099923,0.252741
47.6233700000,0.043437,0.251996,0.096969,0.251637
47.6376800000,0.038675,0.254102,0.095160,0.251300
47.6521600000,0.030172,0.256099,0.090353,0.250520
47.6663100000,0.015918,0.257881,0.087689,0.249460
47.6810700000,0.012270,0.257960,0.085237,0.249290
47.6948000000,0.004871,0.258470,0.075689,0.247934
47.7093700000,0.001277,0.259722,0.067847,0.247581
47.7238000000,-0.004265,0.259011,0.064851,0.247612
47.7384700000,-0.016264,0.254679,0.062993,0.247408
47.7520600000,-0.059427,0.244218,0.015553,0.248372
47.7662500000,-0.074641,0.238921,-0.000119,0.246895
47.7805300000,-0.077586,0.237586,-0.004488,0.246024
47.7949100000,-0.078467,0.237633,-0.008274,0.244394
47.8099000000,-0.078585,0.237670,-0.012666,0.242858
47.8236700000,-0.078634,0.237585,-0.014634,0.242850
47.8395300000,-0.080647,0.235993,-0.018340,0.260843
47.8520000000,-0.088546,0.231550,-0.020277,0.263589
47.8664000000,-0.090448,0.230061,-0.022797,0.265553
47.8816200000,-0.092055,0.228589,-0.038740,0.269235
47.8947700000,-0.095937,0.225453,-0.047922,0.262079
47.9091100000,-0.100743,0.223814,-0.050888,0.262853
47.9236300000,-0.107857,0.215155,-0.056970,0.263812
47.9387700000,-0.112886,0.212082,-0.059730,0.262776
47.9521400000,-0.114959,0.210963,-0.060931,0.262053
47.9663100000,-0.117859,0.209922,-0.064981,0.261725
47.9806600000,-0.123456,0.207029,-0.071135,0.259588
47.9956000000,-0.128199,0.212262,-0.077056,0.258764
48.0102800000,-0.132116,0.210857,-0.082240,0.251857
48.0235100000,-0.173725,0.201657,-0.141695,0.230587
48.0377500000,-0.178683,0.200231,-0.142535,0.230414
48.0524900000,-0.183489,0.198546,-0.144627,0.230354
48.0662700000,-0.185940,0.197541,-0.150543,0.214778
48.0816300000,-0.186959,0.197159,-0.152408,0.218763
48.0950400000,-0.189197,0.196240,-0.155262,0.222648
48.1094300000,-0.192484,0.195184,-0.158454,0.225602
48.1237300000,-0.195927,0.194231,-0.160173,0.222554
48.1386900000,-0.197775,0.194433,-0.163485,0.220967
48.1519200000,-0.197226,0.195742,-0.165407,0.220055
48.1662700000,-0.196856,0.196839,-0.166760,0.221660
48.1805100000,-0.196807,0.196877,-0.167939,0.218530
48.1957200000,-0.196776,0.196697,-0.168893,0.215976
48.2101600000,-0.197467,0.196121,-0.169219,0.215221
48.2262300000,-0.197424,0.195862,-0.171976,0.215596
48.2384300000,-0.198513,0.193939,-0.174357,0.217850
48.2519500000,-0.198296,0.192727,-0.210659,0.236776
48.2663800000,-0.108541,0.204806,-0.073249,0.248618
48.2804800000,-0.103644,0.206409,-0.068748,0.242214
48.2947700000,-0.103592,0.206361,-0.064444,0.235356
48.3090300000,-0.103642,0.212936,-0.059661,0.230787
48.3236900000,-0.102555,0.217109,-0.054092,0.228802
48.3388900000,-0.099083,0.220485,-0.043609,0.228872
48.3520200000,-0.096327,0.222006,-0.039105,0.228930
48.3664100000,-0.091512,0.224061,-0.033489,0.229455
48.3806500000,-0.079659,0.222755,-0.014230,0.250694
48.3950600000,-0.071485,0.219084,-0.004255,0.258084
48.4092100000,-0.058140,0.218912,0.001896,0.257086
48.4237100000,-0.051728,0.220600,0.004719,0.253141
48.4377100000,-0.048428,0.221348,0.006863,0.251946
48.4520600000,-0.034939,0.224335,0.011234,0.249724
48.4676400000,-0.027988,0.226668,0.021573,0.244989
48.4806600000,-0.027988,0.226668,0.021573,0.244989
48.4954200000,-0.023989,0.227249,0.028161,0.245836
48.5092900000,-0.015109,0.226280,0.036275,0.246967
48.5240600000,-0.010443,0.243093,0.050228,0.249700
48.5381200000,-0.006502,0.247077,0.053898,0.249170
48.5519200000,0.003393,0.248934,0.057336,0.247891
48.5663300000,0.006659,0.248670,0.063597,0.246828
48.5805400000,0.008594,0.247562,0.075707,0.249348
48.5947300000,0.018218,0.240976,0.080879,0.252857
48.6108600000,0.044549,0.238541,0.087727,0.251873
48.6240700000,0.051889,0.240950,0.092941,0.254832
48.6376800000,0.055366,0.242989,0.097276,0.256295
48.6519900000,0.061230,0.246347,0.105972,0.254286
48.6663000000,0.080426,0.234523,0.110363,0.252930
48.6807600000,0.093215,0.230037,0.117195,0.258867
48.6949000000,0.095904,0.233624,0.129081,0.258865
48.7090700000,0.098572,0.235883,0.132802,0.257308
48.7254000000,0.106181,0.240302,0.139977,0.254070
48.7381400000,0.122207,0.245532,0.156654,0.260559
48.7524500000,0.141746,0.252216,0.167951,0.259730
48.7664100000,0.154619,0.254841,0.176215,0.261828
48.7805500000,0.159721,0.255510,0.179798,0.261944
48.7950100000,0.163598,0.255803,0.180708,0.261276
48.8092800000,0.166434,0.256102,0.180813,0.261157
48.8235500000,0.183553,0.258916,0.203793,0.262225
48.8376500000,0.188271,0.259893,0.211403,0.260619
48.8521500000,0.195539,0.261861,0.221055,0.261236
48.8662700000,0.201281,0.263145,0.225091,0.261683
48.8807000000,0.203635,0.263458,0.225866,0.261866
48.8950200000,0.215268,0.265249,0.231696,0.262371
48.9092000000,0.221854,0.267141,0.241026,0.265373
48.9243100000,0.228598,0.268970,0.245260,0.267971
48.9380600000,0.238376,0.270925,0.251575,0.272102
48.9518800000,0.244571,0.271525,0.254551,0.274679
48.9662800000,0.248572,0.271832,0.257536,0.273576
48.9804600000,0.252960,0.272968,0.258697,0.274043
48.9951900000,0.259940,0.274186,0.259112,0.275364
49.0100000000,0.269292,0.275397,0.258878,0.282744
49.0240900000,0.272570,0.276057,0.259435,0.285941
49.0376600000,0.282556,0.277661,0.286652,0.288069
49.0521500000,0.289366,0.279592,0.289717,0.287652
49.0674100000,0.300311,0.281138,0.298875,0.288318
49.0805100000,0.305101,0.282452,0.321233,0.279926
49.0962200000,0.317523,0.284250,0.316838,0.261802
49.1091000000,0.322054,0.285299,0.319045,0.256903
49.1245200000,0.331041,0.286917,0.345683,0.274429
49.1378700000,0.340278,0.287994,0.336651,0.256853
49.1518800000,0.340278,0.287994,0.336651,0.256853
49.1664900000,0.347526,0.289441,0.336417,0.282329
49.1806100000,0.356104,0.290490,0.365231,0.260525
49.1950000000,0.379648,0.294509,0.374185,0.247812
49.2090300000,0.382353,0.296026,0.374818,0.242589
49.2241200000,0.384669,0.298097,0.375595,0.239032
49.2377600000,0.387021,0.299651,0.379460,0.238668
49.2522200000,0.409793,0.301267,0.389486,0.237710
49.2663700000,0.411481,0.300790,0.397153,0.236647
49.2812800000,0.412094,0.300385,0.399004,0.234609
49.2951700000,0.413957,0.299055,0.424618,0.284724
49.3092500000,0.425070,0.299278,0.323671,0.349965
49.3238900000,0.433036,0.302010,0.434764,0.292176
49.3377700000,0.438999,0.304170,-0.000137,0.000072
49.3518900000,0.442954,0.305627,-0.000178,0.000065
49.3661900000,0.450410,0.307072,-0.000210,0.000069
49.3804800000,0.455820,0.307159,0.451102,0.297600
49.3958400000,0.463138,0.307497,0.450180,0.284934
49.4101500000,0.464480,0.307613,0.449925,0.283328
49.4241900000,0.468213,0.308002,0.450370,0.281197
49.4376400000,0.471839,0.308413,0.287395,0.297212
49.4520100000,0.475473,0.309044,0.433234,0.221571
49.4663100000,0.478904,0.309693,0.000386,-0.000007
49.4804700000,0.480472,0.309912,0.000459,0.000023
49.4948700000,0.483518,0.309942,0.000570,0.000034
49.5094200000,0.488917,0.309791,0.000677,0.000045
49.5250000000,0.500115,0.312885,0.000740,0.000041
49.5407300000,0.507788,0.314512,0.000780,0.000123
49.5543100000,0.508531,0.314698,0.000780,0.000192
49.5679900000,0.509160,0.314917,0.000789,0.000382
49.5833900000,0.509497,0.314937,0.000768,0.000525
49.5953800000,0.509803,0.314848,0.000740,0.000624
49.6091100000,0.510082,0.314700,0.000656,0.000695
49.6239500000,0.510280,0.314578,0.000532,0.000767
49.6376800000,0.510427,0.314469,0.000404,0.000796
49.6520100000,0.510445,0.314412,0.000279,0.000807
49.6662100000,0.510433,0.314361,0.000153,0.000825
49.6812100000,0.510513,0.314288,0.000109,0.000836
49.6950800000,0.510566,0.314259,0.000119,0.000834
49.7092000000,0.510717,0.314218,0.000230,0.000856
49.7253000000,0.510966,0.314214,0.000514,0.000885
49.7380600000,0.511313,0.314318,0.000782,0.000937
49.7519100000,0.529445,0.318464,0.001058,0.000985
49.7661800000,0.574167,0.329312,0.001329,0.000999
49.7804800000,0.574297,0.329218,0.001464,0.000987
49.7950100000,0.000429,-0.000175,0.001554,0.000960
49.8095500000,0.576378,0.322810,0.001638,0.000911
49.8241800000,0.576378,0.322810,0.001638,0.000911
49.8376700000,0.576635,0.322289,0.001826,0.000631
49.8520300000,0.575488,0.321782,0.001887,0.000452
49.8662200000,0.552823,0.323132,0.001993,0.000266
49.8805100000,0.548637,0.322260,0.002145,0.000099
49.8949800000,0.541202,0.321035,0.002340,-0.000118
49.9092900000,0.533761,0.319141,0.002536,-0.000308
49.9247300000,0.531228,0.318866,0.002709,-0.000390
49.9381400000,0.525701,0.318624,0.002914,-0.000448
49.9520500000,0.521061,0.318281,0.002964,-0.000466
49.9664300000,0.510217,0.318023,0.003208,-0.000539
49.9805800000,0.505103,0.316646,0.003454,-0.000642
49.9949700000,0.502495,0.315525,0.003656,-0.000739
50.0092000000,0.495571,0.313820,0.003963,-0.000872
50.0241300000,0.488278,0.312762,0.004174,-0.000964
50.0376700000,0.478311,0.310865,0.004354,-0.001053
50.0520000000,0.473970,0.309572,0.004438,-0.001100
50.0666200000,0.467503,0.307608,0.004478,-0.001113
50.0813300000,0.458709,0.305031,0.004414,-0.001120
50.0950400000,0.453509,0.304529,0.004357,-0.001114
50.1090900000,0.441507,0.301549,0.004231,-0.001075
50.1238000000,0.397016,0.297605,0.004090,-0.001005
50.1380700000,0.393930,0.297743,0.003944,-0.000949
50.1518600000,0.392194,0.298125,0.361986,0.237380
50.1662200000,0.391396,0.298427,0.361647,0.236465
50.1805000000,0.390339,0.298918,0.359244,0.236139
50.1950700000,0.382816,0.299346,0.354350,0.235834
50.2096900000,0.365965,0.294970,0.351027,0.235429
50.2252100000,0.360584,0.293601,0.342609,0.236013
50.2384600000,0.351550,0.292112,0.338064,0.234531
50.2519000000,0.344831,0.290835,0.340800,0.251418
50.2662300000,0.339507,0.289541,0.333298,0.249068
50.2806100000,0.329832,0.287295,0.319033,0.244046
50.2946900000,0.320669,0.286033,0.307252,0.267881
50.3090700000,0.314422,0.286029,0.307237,0.267793
50.3233900000,0.304634,0.284019,0.293252,0.257004
50.3378800000,0.300706,0.283493,0.290260,0.255637
50.3520200000,0.298369,0.283155,0.288295,0.251937
50.3662600000,0.293516,0.282234,0.284356,0.260837
50.3805300000,0.282649,0.280204,0.269189,0.251908
50.3951500000,0.274358,0.278771,0.264237,0.239932
50.4091600000,0.272628,0.278611,0.276196,0.264393
50.4233400000,0.271644,0.278643,0.281920,0.266506
50.4376000000,0.270496,0.278748,0.285608,0.270241
50.4521000000,0.269039,0.278741,0.285951,0.270672
50.4666300000,0.231821,0.270015,0.262956,0.267273
50.4805900000,0.229002,0.269117,0.250782,0.266128
50.4950400000,0.224388,0.266560,0.233791,0.265768
50.5091400000,0.221907,0.265119,0.231228,0.265678
50.5234500000,0.210454,0.263629,0.225940,0.266159
50.5381000000,0.200626,0.263271,0.219796,0.263577
50.5519800000,0.190792,0.262572,0.207069,0.262994
50.5662000000,0.182094,0.260161,0.200604,0.263931
50.5805600000,0.175101,0.259327,0.196896,0.264193
50.5964500000,0.146206,0.255525,0.170838,0.271309
50.6092900000,0.135734,0.254404,0.165379,0.272996
50.6241900000,0.133041,0.253735,0.159612,0.275253
50.6381000000,0.125001,0.251845,0.158880,0.274464
50.6519100000,0.118533,0.251457,0.159149,0.273387
50.6663100000,0.112920,0.251014,0.159365,0.271221
50.6804300000,0.107602,0.250257,0.158229,0.269101
50.6947500000,0.103320,0.249575,0.135035,0.273141
50.7090100000,0.097112,0.248281,0.124742,0.275982
50.7247400000,0.092522,0.247963,0.119393,0.276682
50.7377400000,0.070542,0.256861,0.114389,0.277256
50.7553500000,0.069574,0.257465,0.112148,0.277624
50.7662700000,0.055854,0.263666,0.111329,0.277335
50.7805100000,0.052822,0.262257,0.107356,0.275362
50.7951000000,0.048943,0.262183,0.099127,0.269594
50.8090300000,0.045076,0.261850,0.097191,0.268677
50.8232900000,0.036643,0.262249,0.092323,0.264731
50.8375800000,0.027567,0.261578,0.087671,0.262077
50.8519900000,0.019952,0.263390,0.082297,0.259820
50.8668300000,0.012092,0.264749,0.074370,0.257223
50.8832100000,0.009851,0.266140,0.073004,0.256754
50.8950300000,0.003888,0.267114,0.068811,0.257495
50.9091000000,-0.003868,0.268636,0.064520,0.256802
50.9233700000,-0.009386,0.268866,0.061994,0.254604
50.9383100000,-0.028172,0.260474,0.037676,0.251990
50.9518800000,-0.072223,0.254142,-0.001477,0.254489
50.9663200000,-0.079005,0.250259,-0.009878,0.253643
50.9805700000,-0.081201,0.248365,-0.014731,0.253056
50.9956000000,-0.084244,0.247899,-0.020965,0.290580
51.0093800000,-0.091872,0.246600,-0.023644,0.292332
51.0233200000,-0.091872,0.246600,-0.023644,0.292332
51.0375700000,-0.098347,0.245566,-0.031263,0.296371
51.0519200000,-0.101298,0.245330,-0.036744,0.288887
51.0666800000,-0.102238,0.245397,-0.042264,0.285404
51.0804300000,-0.104699,0.243958,-0.049897,0.285317
51.0946900000,-0.110175,0.238786,-0.054431,0.276515
51.1092900000,-0.113126,0.236830,-0.056811,0.275350
51.1236300000,-0.117641,0.234625,-0.063835,0.270914
51.1376800000,-0.118583,0.233614,-0.072534,0.271749
51.1523800000,-0.119828,0.233078,-0.075512,0.272167
51.1669900000,-0.127023,0.232082,-0.084602,0.271953
51.1804600000,-0.128795,0.231721,-0.087321,0.271021
51.1948900000,-0.133600,0.230483,-0.093432,0.268753
51.2091400000,-0.136138,0.227628,-0.095806,0.267521
51.2232700000,-0.139100,0.225635,-0.096836,0.266890
51.2376600000,-0.141925,0.224844,-0.102006,0.258612
51.2520300000,-0.161485,0.218263,-0.114617,0.245843
51.2669800000,-0.195140,0.208811,-0.168023,0.222292
51.2806900000,-0.195406,0.208629,-0.171296,0.211951
51.2951900000,-0.196533,0.205842,-0.177092,0.223694
51.3091700000,-0.196249,0.201472,-0.178975,0.224480
51.3237400000,-0.196645,0.199690,-0.182796,0.213852
51.3380900000,-0.199813,0.198547,-0.186807,0.215294
51.3518600000,-0.204080,0.196606,-0.188245,0.217128
51.3660900000,-0.206535,0.195458,-0.189506,0.215044
51.3806000000,-0.211291,0.192936,-0.194214,0.218339
51.3965600000,-0.216146,0.187426,-0.196619,0.211613
51.4094700000,-0.217144,0.186004,-0.198112,0.213107
51.4239000000,-0.218748,0.183559,-0.199877,0.214812
51.4375300000,-0.233662,0.175916,-0.200475,0.215516
51.4519100000,-0.234478,0.175345,-0.253821,0.241867
51.4663600000,-0.131176,0.199558,-0.086142,0.251385
51.4804000000,-0.129067,0.199616,-0.082005,0.247651
51.4946900000,-0.128761,0.199426,-0.075813,0.243728
51.5095300000,-0.129242,0.197248,-0.075083,0.243449
51.5232800000,-0.128900,0.195698,-0.072105,0.247860
51.5382400000,-0.126987,0.196143,-0.066635,0.253448
51.5520300000,-0.115864,0.203071,-0.060135,0.249434
51.5661400000,-0.109533,0.205301,-0.051088,0.259541
51.5806700000,-0.098916,0.208774,-0.041572,0.263586
51.5949000000,-0.092940,0.210054,-0.033367,0.266620
51.6091200000,-0.084447,0.212321,-0.023674,0.268025
51.6234100000,-0.074606,0.214580,-0.018451,0.267764
51.6377100000,-0.065860,0.216774,-0.014766,0.267455
51.6520500000,-0.060551,0.216224,-0.000202,0.269299
51.6670000000,-0.053903,0.216266,0.008369,0.269579
51.6805500000,-0.046712,0.217650,0.010962,0.269687
51.6948000000,-0.038969,0.219446,0.014743,0.269805
51.7095200000,-0.030630,0.222143,0.024419,0.269969
51.7235000000,-0.028603,0.221890,0.034234,0.270309
51.7383300000,-0.019773,0.221538,0.042666,0.271213
51.7519800000,-0.015220,0.233527,0.051290,0.238133
51.7661100000,-0.011425,0.237880,0.051396,0.237971
51.7808600000,-0.004125,0.240906,0.051758,0.237668
51.7950800000,0.048683,0.243246,0.096560,0.245677
51.8095800000,0.054958,0.246493,0.107440,0.249429
51.8234000000,0.057108,0.246571,0.107780,0.249437
51.8375400000,0.059293,0.245591,0.107918,0.249416
51.8518600000,0.068762,0.245741,0.107762,0.249435
51.8663100000,0.075387,0.247237,0.108088,0.249762
51.8805100000,0.081669,0.248275,0.138694,0.250312
51.8946700000,0.086238,0.248751,0.150420,0.247933
51.9097900000,0.095492,0.250039,0.150939,0.248060
51.9234200000,0.104354,0.251491,0.153875,0.248377
51.9390400000,0.111593,0.252156,0.162623,0.252032
51.9531900000,0.116025,0.253000,0.164190,0.252173
51.9663400000,0.127420,0.254999,0.169369,0.252361
51.9804800000,0.132082,0.256222,0.172674,0.254056
51.9952400000,0.136160,0.257666,0.193753,0.250406
52.0101400000,0.151020,0.260159,0.196134,0.252477
52.0233200000,0.156591,0.261165,0.201730,0.251557
52.0376100000,0.163513,0.260806,0.203807,0.251273
52.0519000000,0.167073,0.260380,0.208444,0.249424
52.0666800000,0.178099,0.261542,0.221663,0.253964
52.0811500000,0.182466,0.262289,0.228558,0.254238
52.0950900000,0.188261,0.263284,0.230391,0.255623
52.1114800000,0.196335,0.264680,0.229444,0.257810
52.1234700000,0.203428,0.266259,0.228045,0.259091
52.1380300000,0.212579,0.267972,0.227157,0.262357
52.1519000000,0.220429,0.270050,0.248573,0.264559
52.1660900000,0.228356,0.271333,0.258772,0.267715
52.1805300000,0.232405,0.271740,0.261447,0.270584
52.1953200000,0.240522,0.272699,0.265414,0.271145
52.2100400000,0.245687,0.273515,0.272259,0.270572
52.2234100000,0.248867,0.273928,0.276349,0.270280
52.2384500000,0.258212,0.275483,0.279432,0.270435
52.2518800000,0.294644,0.279624,0.341457,0.261509
52.2663600000,0.322315,0.284801,0.344092,0.249627
52.2803700000,0.328274,0.285227,0.353478,0.274984
52.2946400000,0.336141,0.285739,0.354621,0.280768
52.3104900000,0.343145,0.286903,0.355072,0.280778
52.3233200000,0.350120,0.288576,0.363670,0.257016
52.3386300000,0.355271,0.290312,0.375405,0.264280
52.3520600000,0.357641,0.291012,0.379198,0.266929
52.3661700000,0.362154,0.292421,0.381154,0.263233
52.3805800000,0.369904,0.293951,0.378060,0.258380
52.3950600000,0.377400,0.295174,0.377855,0.257815
52.4096800000,0.387421,0.296557,0.398625,0.274307
52.4232500000,0.393442,0.296676,0.403551,0.275495
52.4376400000,0.396796,0.297035,0.407192,0.269783
52.4518500000,0.411624,0.299767,0.413773,0.249053
52.4666400000,0.414953,0.299974,0.417943,0.243592
52.4805300000,0.416189,0.299878,0.420088,0.238181
52.4947700000,0.419008,0.299520,0.421888,0.235378
52.5103000000,0.427356,0.300619,0.424625,0.234157
52.5233800000,0.439653,0.304765,0.433719,0.231353
52.5378100000,0.446113,0.305760,0.433738,0.233994
52.5518200000,0.450716,0.306103,0.438770,0.232577
52.5661000000,0.455027,0.306090,0.360758,0.251688
52.5806300000,0.457727,0.306291,-0.000263,-0.000687
52.5961300000,0.464519,0.307697,-0.000310,-0.000901
52.6101400000,0.468508,0.308410,-0.000335,-0.001109
52.6236900000,0.469649,0.308663,0.472114,0.224915
52.6375400000,0.472540,0.309376,0.387069,0.340146
52.6519200000,0.480266,0.310696,0.000041,-0.000477
52.6663100000,0.491454,0.310272,0.000139,-0.000739
52.6804000000,0.495481,0.311099,0.000222,-0.000877
52.6947700000,0.498638,0.312439,0.000339,-0.001006
52.7097500000,0.500190,0.313222,0.000434,-0.001082
52.7232300000,0.502145,0.314054,0.000528,-0.001131
52.7382000000,0.504495,0.314667,0.000588,-0.001203
52.7524700000,0.505401,0.314804,0.000605,-0.001240
52.7663300000,0.507407,0.314936,0.268785,0.404753
52.7804600000,0.509422,0.314894,-0.000195,-0.000157
52.7949800000,0.511554,0.314865,-0.000368,-0.000201
52.8096100000,0.513249,0.314742,-0.000579,-0.000180
52.8232100000,0.514572,0.314649,-0.000746,-0.000123
52.8375900000,0.515372,0.314537,-0.000922,-0.000019
52.8519200000,0.515693,0.314477,-0.001044,0.000052
52.8662200000,0.516366,0.314320,-0.001124,0.000134
52.8805100000,0.516366,0.314320,-0.001124,0.000134
52.8950200000,0.517282,0.314074,-0.001015,0.000199
52.9091300000,0.523198,0.313692,-0.000853,0.000215
52.9233600000,0.555111,0.316166,-0.000624,0.000255
52.9382700000,0.559469,0.315992,-0.000399,0.000298
52.9519300000,0.562320,0.315434,-0.000203,0.000329
52.9660600000,0.564026,0.314930,-0.000067,0.000342
52.9806600000,0.564591,0.314738,0.000034,0.000353
52.9948000000,0.565313,0.314446,0.000187,0.000332
53.0101900000,0.565652,0.314321,0.000399,0.000303
53.0233700000,0.565740,0.314300,0.000502,0.000305
53.0374800000,0.564896,0.314037,0.000721,0.000333
53.0520100000,0.557740,0.313471,0.000888,0.000396
53.0662500000,0.548944,0.312774,0.001205,0.000461
53.0803500000,0.540797,0.311685,0.001463,0.000472
53.0947500000,0.536313,0.310744,0.001883,0.000443
53.1097500000,0.525384,0.309031,0.002267,0.000371
53.1233700000,0.522032,0.308206,0.002356,0.000286
53.1381400000,0.516386,0.306882,0.002634,0.000149
53.1520000000,0.513379,0.306270,0.002638,0.000093
53.1662900000,0.504937,0.305689,0.002707,-0.000116
53.1804400000,0.498746,0.303309,0.002964,-0.000337
53.1949200000,0.491101,0.301121,0.003269,-0.000572
53.2101600000,0.486681,0.300674,0.003409,-0.000720
53.2233000000,0.483405,0.299937,0.003671,-0.000973
53.2377300000,0.479243,0.298568,0.003997,-0.001385
53.2545300000,0.471604,0.296973,0.004253,-0.001861
53.2663100000,0.424019,0.292213,0.004480,-0.002465
53.2805100000,0.415994,0.292028,0.004680,-0.003110
53.2950400000,0.413765,0.291990,0.004689,-0.003283
53.3091400000,0.408084,0.291658,0.389447,0.206098
53.3233800000,0.392068,0.289531,0.384129,0.203618
53.3382800000,0.386384,0.289412,0.380795,0.202124
53.3518200000,0.381654,0.289659,0.378648,0.201297
53.3661100000,0.372608,0.288317,0.372789,0.202073
53.3804500000,0.367085,0.286914,0.370354,0.202213
53.3956000000,0.364505,0.287021,0.363800,0.199803
53.4110800000,0.360168,0.287440,0.355464,0.196433
53.4233600000,0.357672,0.287582,0.352116,0.196194
53.4374900000,0.346757,0.285766,0.341172,0.197538
53.4520200000,0.337019,0.284369,0.335872,0.200038
53.4661600000,0.328335,0.282295,0.327654,0.201803
53.4803200000,0.323420,0.279486,0.321136,0.203400
53.4950000000,0.307780,0.277806,0.307877,0.246278
53.5093900000,0.303988,0.277444,0.298137,0.234173
53.5233300000,0.298848,0.276628,0.293547,0.227601
53.5381400000,0.285916,0.274888,0.283472,0.217065
53.5524700000,0.279050,0.274759,0.282848,0.216694
53.5661400000,0.276880,0.274156,0.283554,0.249764
53.5804200000,0.274067,0.272159,0.282459,0.251499
53.5948500000,0.270797,0.269745,0.269862,0.238237
53.6094000000,0.253679,0.268110,0.265159,0.233286
53.6232900000,0.242530,0.268096,0.260558,0.242939
53.6374800000,0.236704,0.267394,0.256778,0.240670
53.6522100000,0.229392,0.265874,0.254807,0.242864
53.6669700000,0.220543,0.264167,0.253910,0.244072
53.6805100000,0.215355,0.262507,0.253702,0.244281
53.6951100000,0.207454,0.262225,0.246389,0.237187
53.7090300000,0.196465,0.260774,0.234917,0.240693
53.7233200000,0.192008,0.259866,0.234760,0.240616
53.7381800000,0.185019,0.258149,0.230819,0.239156
53.7521600000,0.176764,0.256783,0.216383,0.241530
53.7660700000,0.171050,0.256045,0.210914,0.240091
53.7806200000,0.162521,0.254890,0.209125,0.239423
53.7952300000,0.152190,0.254448,0.205156,0.239068
53.8105900000,0.137989,0.253185,0.167504,0.257913
53.8232900000,0.116312,0.249336,0.167316,0.257473
53.8375800000,0.112182,0.249015,0.159644,0.254788
53.8519000000,0.108527,0.248972,0.153774,0.253076
53.8662000000,0.100304,0.247430,0.149235,0.252643
53.8803100000,0.089858,0.243496,0.137328,0.255124
53.8950300000,0.084113,0.241995,0.137136,0.254930
53.9091300000,0.079030,0.241545,0.135509,0.254108
53.9233700000,0.052726,0.313721,0.132369,0.254397
53.9381400000,0.054335,0.299071,0.118861,0.254320
53.9520900000,0.056475,0.255717,0.108114,0.253286
53.9707700000,0.053197,0.255589,0.105504,0.250268
53.9806700000,0.049757,0.240533,0.101678,0.246860
53.9951400000,0.045921,0.236729,0.096495,0.243987
54.0093200000,0.042308,0.234427,0.089770,0.237879
54.0233600000,0.030196,0.237185,0.082904,0.233240
54.0375200000,0.023741,0.235744,0.081356,0.232049
54.0521100000,0.013253,0.232002,0.080717,0.231357
54.0670200000,0.010935,0.232495,0.079967,0.230557
54.0804900000,0.008578,0.233877,0.079684,0.230217
54.0954200000,0.006348,0.236331,0.071183,0.229583
54.1090600000,-0.012995,0.243495,0.057224,0.231188
54.1234600000,-0.032659,0.234701,0.052494,0.229885
54.1378000000,-0.070274,0.237602,0.009062,0.230778
54.1517400000,-0.077345,0.238485,0.000683,0.228842
54.1660600000,-0.083538,0.236496,-0.012062,0.238293
54.1805300000,-0.084567,0.235359,-0.015302,0.239314
54.1952700000,-0.086443,0.233925,-0.019167,0.238660
54.2096800000,-0.095852,0.225874,-0.035602,0.257618
54.2235000000,-0.098059,0.223546,-0.037995,0.258764
54.2375400000,-0.100208,0.221928,-0.040334,0.258871
54.2522100000,-0.103524,0.219222,-0.047101,0.258185
54.2661500000,-0.105992,0.208607,-0.053726,0.248399
54.2803300000,-0.107137,0.209143,-0.056827,0.250066
54.2947700000,-0.113839,0.211293,-0.060974,0.251808
54.3091700000,-0.119230,0.213486,-0.067858,0.253901
54.3239000000,-0.122452,0.214572,-0.070493,0.253723
54.3388500000,-0.126109,0.216379,-0.075417,0.253182
54.3520100000,-0.128259,0.217691,-0.079670,0.245662
54.3661300000,-0.134554,0.219134,-0.083242,0.246166
54.3803900000,-0.141951,0.218305,-0.088699,0.246598
54.3951200000,-0.150188,0.215862,-0.094027,0.234759
54.4089400000,-0.152536,0.215410,-0.096151,0.236409
54.4232600000,-0.157487,0.214514,-0.097903,0.237383
54.4374300000,-0.161158,0.213856,-0.100528,0.240824
54.4519100000,-0.163147,0.213586,-0.101187,0.241878
54.4666600000,-0.167205,0.213046,-0.103026,0.242620
54.4814800000,-0.171163,0.212620,-0.105884,0.243180
54.4953800000,-0.173085,0.212370,-0.107905,0.243422
54.5090800000,-0.191514,0.207958,-0.128613,0.243736
54.5233700000,-0.193345,0.207752,-0.152817,0.240827
54.5380200000,-0.197902,0.203661,-0.166875,0.234215
54.5517700000,-0.200613,0.202432,-0.174952,0.243524
54.5660200000,-0.202035,0.202332,-0.176615,0.245877
54.5812600000,-0.203173,0.202557,-0.177884,0.247489
54.5952000000,-0.224168,0.201430,-0.194383,0.229593
54.6110600000,-0.149985,0.217124,-0.202423,0.240684
54.6235800000,-0.150026,0.217139,-0.076707,0.265392
54.6375200000,-0.150051,0.217219,-0.075624,0.258372
54.6518600000,-0.149805,0.217474,-0.075764,0.258470
54.6662100000,-0.144425,0.215935,-0.073283,0.255844
54.6803400000,-0.133931,0.213724,-0.068171,0.252965
54.6952800000,-0.125130,0.213464,-0.067158,0.254541
54.7089700000,-0.119956,0.214249,-0.065180,0.256194
54.7233200000,-0.110305,0.214164,-0.051799,0.249647
54.7385800000,-0.095473,0.215039,-0.039803,0.242241
54.7517800000,-0.095473,0.215039,-0.039803,0.242241
54.7663500000,-0.092700,0.215636,-0.037248,0.243846
54.7803200000,-0.091134,0.216642,-0.035859,0.244329
54.7955400000,-0.079635,0.219602,-0.024786,0.243852
54.8089100000,-0.068049,0.217489,-0.000915,0.228263
54.8232500000,-0.056118,0.217635,0.003643,0.229349
54.8374400000,-0.053483,0.216543,0.006229,0.235209
54.8525100000,-0.046333,0.216522,0.011619,0.236831
54.8663000000,-0.034008,0.218868,0.017742,0.236486
54.8816600000,-0.032798,0.218538,0.021202,0.236825
54.8953500000,-0.028728,0.216727,0.036009,0.242356
54.9090400000,-0.021762,0.217365,0.039027,0.241762
54.9233700000,-0.023851,0.230251,0.042985,0.241264
54.9382800000,-0.021745,0.234669,0.045868,0.242865
54.9518200000,-0.010222,0.235964,0.058171,0.243376
54.9660500000,0.001664,0.240520,0.070300,0.246959
54.9804300000,0.005165,0.241267,0.077631,0.244626
54.9953800000,0.012845,0.240924,0.078689,0.244489
55.0097100000,0.018884,0.238816,0.082247,0.246244
55.0233700000,0.028994,0.236832,0.087843,0.245638
55.0374200000,0.095328,0.230517,0.125661,0.251045
55.0518000000,0.125296,0.233622,0.153353,0.250544
55.0661700000,0.131533,0.234707,0.159213,0.250410
55.0802900000,0.134296,0.235187,0.163846,0.250469
55.0955800000,0.144617,0.236855,0.170138,0.249792
55.1089400000,0.151676,0.237375,0.174726,0.249450
55.1236900000,0.160507,0.238428,0.186523,0.248449
55.1382200000,0.167192,0.239249,0.191164,0.250063
55.1527300000,0.171453,0.239976,0.195016,0.248993
55.1661000000,0.181080,0.242199,0.211546,0.239099
55.1804200000,0.185627,0.243029,0.212767,0.239495
55.1955200000,0.198857,0.245260,0.224359,0.243103
55.2090200000,0.206363,0.246908,0.230518,0.245478
55.2231700000,0.217894,0.249936,0.234390,0.245826
55.2375100000,0.221285,0.250663,0.238555,0.246240
55.2520500000,0.226440,0.251546,0.250436,0.256700
55.2664600000,0.232530,0.252727,0.254561,0.255807
55.2803700000,0.236328,0.253345,0.256379,0.256179
55.2957600000,0.244873,0.254712,0.257959,0.257146
55.3093300000,0.256522,0.256415,0.264392,0.260222
55.3240200000,0.259337,0.256593,0.267888,0.261472
55.3381600000,0.264604,0.256181,0.280499,0.263345
55.3517300000,0.281897,0.259245,0.289667,0.267916
55.3661800000,0.291297,0.261990,0.296495,0.269976
55.3804500000,0.297644,0.263152,0.297767,0.270451
55.3957800000,0.308145,0.265927,0.297526,0.256083
55.4100800000,0.315934,0.267451,0.309079,0.262800
55.4232500000,0.315934,0.267451,0.309079,0.262800
55.4374700000,0.323837,0.269660,0.319019,0.263368
55.4517800000,0.335607,0.272042,0.349016,0.248173
55.4661600000,0.340295,0.272987,0.345821,0.234626
55.4802600000,0.348857,0.274653,0.344550,0.226143
55.4953600000,0.358229,0.277832,0.345287,0.223096
55.5089000000,0.363853,0.278906,0.347202,0.219415
55.5234300000,0.369422,0.280227,0.373902,0.257797
55.5381400000,0.371979,0.281094,0.376077,0.260255
55.5520900000,0.373035,0.281516,0.377516,0.253981
55.5663400000,0.375933,0.282677,0.381883,0.239156
55.5803500000,0.398312,0.286047,0.395584,0.251886
55.5947200000,0.403469,0.285763,0.396016,0.249496
55.6090000000,0.408633,0.287991,0.406345,0.255530
55.6232200000,0.417227,0.291397,0.411386,0.242528
55.6374700000,0.428445,0.292106,0.414625,0.227571
55.6520000000,0.433335,0.292963,0.425706,0.253361
55.6665400000,0.440719,0.294620,0.428144,0.258217
55.6810400000,0.443612,0.295372,0.429520,0.259785
55.6956700000,0.449696,0.296484,0.435804,0.250931
55.7091400000,0.458582,0.298198,0.453068,0.249467
55.7233700000,0.462749,0.299012,-0.000131,0.000132
55.7380500000,0.466575,0.299331,-0.000166,0.000202
55.7519200000,0.469927,0.299678,-0.000188,0.000289
55.7663800000,0.481640,0.300489,-0.000180,0.000563
55.7805100000,0.483988,0.301126,-0.000145,0.000682
55.7947500000,0.487780,0.302368,-0.000066,0.000810
55.8097200000,0.497026,0.304771,-0.000002,0.000904
55.8232800000,0.509787,0.307471,0.000004,0.000941
55.8375200000,0.517402,0.309871,-0.000045,0.001154
55.8520200000,0.520728,0.311422,-0.000149,0.001403
55.8667000000,0.524174,0.312970,-0.000240,0.001633
55.8802600000,0.528612,0.314049,-0.000334,0.001789
55.8946300000,0.532046,0.315094,-0.000442,0.001868
55.9090300000,0.535247,0.315756,-0.000544,0.001911
55.9236100000,0.536691,0.315966,-0.000621,0.001929
55.9375600000,0.538253,0.316152,-0.000724,0.001940
55.9520100000,0.539305,0.316237,-0.000753,0.001941
55.9662200000,0.541542,0.316415,-0.000793,0.001950
55.9803900000,0.543686,0.316543,-0.000716,0.001965
55.9950800000,0.545498,0.316663,-0.000556,0.001945
56.0089000000,0.547060,0.316889,-0.000328,0.001969
56.0234200000,0.548233,0.317012,-0.000096,0.002010
56.0374100000,0.549294,0.317112,0.000169,0.002051
56.0517900000,0.549724,0.317159,0.000301,0.002082
56.0665100000,0.550449,0.317277,0.000442,0.002154
56.0803300000,0.552724,0.317673,0.000540,0.002167
56.0950300000,0.552724,0.317673,0.000540,0.002167
56.1091700000,0.562322,0.318390,0.000656,0.002078
56.1233500000,0.564848,0.318323,0.000757,0.001931
56.1381600000,0.566678,0.318478,0.000822,0.001823
56.1519200000,0.567701,0.318538,0.000878,0.001749
56.1660400000,0.568402,0.318485,0.000935,0.001669
56.1804500000,0.568762,0.318380,0.000985,0.001590
56.1946100000,0.568859,0.318296,0.001005,0.001527
56.2102000000,0.568883,0.318173,0.000978,0.001397
56.2232700000,0.568875,0.318123,0.000964,0.001339
56.2375900000,0.566923,0.318090,0.000932,0.001135
56.2521400000,0.557567,0.317438,0.000938,0.000891
56.2661200000,0.554060,0.316656,0.000990,0.000704
56.2803900000,0.547829,0.315479,0.001142,0.000408
56.2945600000,0.540248,0.313413,0.001321,0.000207
56.3089100000,0.535389,0.312685,0.001453,0.000073
56.3233900000,0.528499,0.310849,0.001591,-0.000092
56.3383100000,0.522120,0.308628,0.001660,-0.000271
56.3520000000,0.517542,0.308025,0.001667,-0.000329
56.3661600000,0.505669,0.306045,0.001658,-0.000466
56.3803100000,0.497246,0.304757,0.001607,-0.000545
56.3947400000,0.489821,0.303439,0.001546,-0.000599
56.4089900000,0.482908,0.301234,0.458578,0.252125
56.4231100000,0.472673,0.299227,0.456887,0.252630
56.4374400000,0.466081,0.299127,0.000184,0.000066
56.4518700000,0.461266,0.298005,0.000271,0.000112
56.4661700000,0.455743,0.295869,0.000376,0.000202
56.4804000000,0.453119,0.294688,0.000400,0.000238
56.4951100000,0.445818,0.292530,0.415213,0.250620
56.5091100000,0.435374,0.289788,0.407634,0.252268
56.5233100000,0.424772,0.288402,0.393610,0.226072
56.5375900000,0.413956,0.285089,0.385767,0.245109
56.5520100000,0.409760,0.283128,0.379168,0.239655
56.5660000000,0.407814,0.282002,0.376544,0.237469
56.5804100000,0.398831,0.279528,0.375392,0.232963
56.5949700000,0.382523,0.279984,0.367734,0.229301
56.6091400000,0.376983,0.279183,0.364775,0.226927
56.6232400000,0.374266,0.278808,0.354613,0.213019
56.6375500000,0.370137,0.277477,0.356257,0.223573
56.6517900000,0.364859,0.275747,0.360408,0.229865
56.6661500000,0.354201,0.274579,0.358648,0.231764
56.6802500000,0.346850,0.272370,0.322741,0.252073
56.6946400000,0.339577,0.270754,0.315109,0.238148
56.7089800000,0.330167,0.268539,0.307265,0.245697
56.7234200000,0.326014,0.267356,0.306415,0.246517
56.7383000000,0.316300,0.265502,0.299866,0.238776
56.7557700000,0.312074,0.264552,0.302462,0.249118
56.7666900000,0.306567,0.263069,0.308882,0.255874
56.7804600000,0.303808,0.262337,0.310068,0.257032
56.7947700000,0.290447,0.260621,0.280363,0.251125
56.8089000000,0.281812,0.259412,0.267698,0.246337
56.8231000000,0.271312,0.258691,0.265112,0.241213
56.8374600000,0.268201,0.258202,0.256564,0.218965
56.8521800000,0.263213,0.257253,0.255303,0.221487
56.8662300000,0.251525,0.255219,0.249275,0.227044
56.8804400000,0.245173,0.253743,0.244003,0.228821
56.8946200000,0.239888,0.252862,0.240866,0.228894
56.9090600000,0.235402,0.252412,0.232571,0.232878
56.9232100000,0.218613,0.250003,0.223513,0.233737
56.9375500000,0.213980,0.248599,0.214316,0.235958
56.9519800000,0.207239,0.246704,0.210561,0.235996
56.9661500000,0.201116,0.245407,0.210500,0.235987
56.9804300000,0.195743,0.244507,0.210473,0.235981
56.9947800000,0.187330,0.242758,0.206603,0.236600
57.0101700000,0.180885,0.241127,0.194129,0.238175
57.0232600000,0.177904,0.240441,0.191734,0.237401
57.0374500000,0.170151,0.239144,0.185253,0.236301
57.0517600000,0.162986,0.237788,0.180377,0.239184
57.0662500000,0.155422,0.236166,0.172850,0.239495
57.0804600000,0.149733,0.234106,0.169485,0.239584
57.0945600000,0.140189,0.232033,0.167485,0.239258
57.1088800000,0.138133,0.231529,0.165353,0.238758
57.1234800000,0.136417,0.231162,0.159012,0.237884
57.1376300000,0.133621,0.230755,0.149076,0.235525
57.1519900000,0.132166,0.230617,0.147978,0.235354
57.1684200000,0.126460,0.229592,0.141993,0.236316
57.1806900000,0.114309,0.226572,0.140077,0.236496
57.1947900000,0.051996,0.239639,0.119801,0.235956
57.2089300000,0.046909,0.236330,0.097288,0.236439
57.2230700000,0.044138,0.236978,0.095644,0.238812
57.2374300000,0.042422,0.237542,0.094478,0.240690
57.2518600000,0.037762,0.239769,0.092485,0.241842
57.2662500000,0.028687,0.237782,0.082777,0.238008
57.2818200000,0.016084,0.232635,0.076733,0.235493
57.2946600000,0.012550,0.231471,0.070542,0.233256
57.3090100000,0.007246,0.230334,0.063003,0.231650
57.3234400000,0.005079,0.232342,0.060441,0.230959
57.3374600000,0.000171,0.236220,0.058780,0.230692
57.3516600000,-0.005486,0.239722,0.056929,0.229661
57.3659900000,-0.009813,0.240829,0.054298,0.227973
57.3810500000,-0.018782,0.236198,0.051532,0.226529
57.3951100000,-0.048829,0.223614,0.035990,0.227299
57.4107400000,-0.058284,0.226529,0.008307,0.228388
57.4232700000,-0.060624,0.227459,0.005973,0.228566
57.4375300000,-0.064162,0.228131,0.001280,0.228639
57.4517900000,-0.066417,0.227858,-0.000926,0.228551
57.4661800000,-0.070418,0.226334,-0.005772,0.227558
57.4808900000,-0.072123,0.224535,-0.008398,0.226327
57.4945400000,-0.075332,0.220909,-0.011475,0.225252
57.5088400000,-0.076894,0.219239,-0.013019,0.225145
57.5240200000,-0.078689,0.217425,-0.014926,0.225216
57.5381900000,-0.078697,0.217219,-0.015575,0.225257
57.5521300000,-0.078817,0.216605,-0.016683,0.225346
57.5663700000,-0.078955,0.215422,-0.018233,0.225757
57.5811000000,-0.079650,0.213752,-0.019500,0.227298
57.5946800000,-0.081627,0.210631,-0.023445,0.260552
57.6089200000,-0.082657,0.209197,-0.026885,0.256459
57.6232600000,-0.083384,0.208358,-0.027867,0.256813
57.6374100000,-0.083855,0.208171,-0.030289,0.250882
57.6517200000,-0.130130,0.209234,-0.086434,0.250334
57.6661500000,-0.144676,0.207878,-0.094327,0.239418
57.6822200000,-0.147660,0.207034,-0.096460,0.239334
57.6947600000,-0.151652,0.205622,-0.098867,0.240022
57.7090600000,-0.154908,0.204448,-0.100384,0.239183
57.7232700000,-0.157388,0.203759,-0.102989,0.240366
57.7375900000,-0.159490,0.203403,-0.105834,0.241418
57.7516400000,-0.161183,0.203200,-0.108048,0.241757
57.7811100000,-0.162380,0.203171,-0.109493,0.241842
57.7829500000,-0.162973,0.203230,-0.110131,0.241889
57.7947100000,-0.163528,0.203396,-0.110719,0.241976
57.8093500000,-0.164152,0.203657,-0.111417,0.242083
57.8231400000,-0.164336,0.203755,-0.111621,0.242122
57.8374400000,-0.164526,0.203889,-0.111891,0.242156
57.8518600000,-0.164549,0.203907,-0.111911,0.242092
57.8661100000,-0.164438,0.203874,-0.111549,0.242585
57.8809700000,-0.163467,0.204539,-0.109253,0.244143
57.8945900000,-0.152607,0.208625,-0.107647,0.244642
57.9090900000,-0.087081,0.219409,-0.047789,0.248184
57.9234000000,-0.081977,0.211525,-0.029575,0.234176
57.9376500000,-0.081477,0.206731,-0.011104,0.220913
57.9521000000,-0.081882,0.205013,-0.008495,0.219490
57.9660600000,-0.082704,0.202827,-0.005903,0.218657
57.9810100000,-0.083222,0.198968,-0.003870,0.217715
57.9947200000,-0.052079,0.208925,0.004317,0.215313
58.0092500000,-0.039385,0.210700,0.018525,0.217334
58.0230600000,-0.036875,0.211866,0.019692,0.216860
58.0374700000,-0.036090,0.212421,0.025442,0.217670
58.0623800000,-0.035961,0.212378,0.033048,0.217635
58.0670500000,-0.029883,0.216955,0.043037,0.217628
58.0818100000,-0.025719,0.222718,0.046126,0.218324
58.0945800000,-0.019726,0.230245,0.050881,0.221739
58.1110400000,-0.016123,0.230722,0.059078,0.224126
58.1233300000,0.003201,0.228295,0.067429,0.227144
58.1376700000,0.007273,0.229120,0.071928,0.229710
58.1519700000,0.014674,0.232209,0.077350,0.232603
58.1660100000,0.024825,0.230845,0.080444,0.233777
58.1810700000,0.034334,0.228776,0.085943,0.234708
58.1953700000,0.047173,0.226439,0.093946,0.235044
58.2090600000,0.058034,0.228466,0.104113,0.236760
58.2234900000,0.061300,0.229211,0.109623,0.239523
58.2373400000,0.079567,0.220370,0.111883,0.239975
58.2518300000,0.087172,0.219517,0.122979,0.245024
58.2662000000,0.096178,0.219279,0.127018,0.245340
58.2802700000,0.102867,0.218417,0.133279,0.244874
58.2945000000,0.107277,0.218471,0.135771,0.243777
58.3090200000,0.114536,0.219260,0.141089,0.241848
58.3230900000,0.121058,0.220937,0.149257,0.240939
58.3376000000,0.132062,0.222522,0.156053,0.243626
58.3519800000,0.136105,0.223282,0.157568,0.244290
58.3660000000,0.145361,0.223921,0.170057,0.244232
58.3804800000,0.183791,0.230047,0.206571,0.236619
58.3946600000,0.207082,0.234341,0.225106,0.245655
58.4103200000,0.212256,0.233985,0.230487,0.247173
58.4230700000,0.216229,0.232981,0.231099,0.248260
58.4374600000,0.233032,0.235083,0.231050,0.249122
58.4517800000,0.236077,0.236095,0.237416,0.252291
58.4684000000,0.241742,0.237883,0.262286,0.255717
58.4811700000,0.241742,0.237883,0.262286,0.255717
58.4951400000,0.249446,0.240108,0.263063,0.256316
58.5090000000,0.257599,0.242051,0.262169,0.256472
58.5233000000,0.265828,0.244477,0.260615,0.256963
58.5381600000,0.273876,0.245930,0.260646,0.257567
58.5516300000,0.281931,0.248403,0.282728,0.259536
58.5661200000,0.291360,0.249754,0.287588,0.259523
58.5803500000,0.295266,0.250720,0.291505,0.262179
58.5945400000,0.302260,0.251795,0.296709,0.265218
58.6090900000,0.312357,0.253611,0.308378,0.264953
58.6233800000,0.316882,0.254672,0.309612,0.265090
58.6374100000,0.321181,0.255525,0.310056,0.265493
58.6517900000,0.330182,0.257557,0.308326,0.245656
58.6662900000,0.335413,0.259005,0.324473,0.260869
58.6802400000,0.344285,0.261479,0.362705,0.253281
58.6945200000,0.351379,0.263150,0.363097,0.252975
58.7090400000,0.356597,0.264290,0.363675,0.252748
58.7231400000,0.362212,0.266057,0.361726,0.230792
58.7376800000,0.366112,0.267930,0.362193,0.220148
58.7519800000,0.368402,0.268951,0.362382,0.219768
58.7661700000,0.379226,0.271454,0.362964,0.218933
58.7804200000,0.387483,0.272433,0.376765,0.216265
58.7946200000,0.431949,0.282163,0.406690,0.220250
58.8088400000,0.435152,0.282986,0.410768,0.220965
58.8230600000,0.441065,0.284749,0.411170,0.220838
58.8374300000,0.443425,0.285443,0.411190,0.220907
58.8516400000,0.446755,0.286561,0.411673,0.221444
58.8664400000,0.453326,0.288295,0.414189,0.222521
58.8816200000,0.456535,0.289093,0.418919,0.222519
58.8945300000,0.462404,0.290787,0.123898,0.395886
58.9091600000,0.468564,0.291666,0.444777,0.216690
58.9232700000,0.476517,0.292486,-0.001555,0.000197
58.9377500000,0.478176,0.293823,-0.002148,0.000223
58.9517200000,0.479647,0.295755,0.455317,0.224644
58.9663200000,0.480908,0.297255,0.415503,0.245312
58.9803100000,0.492690,0.299759,-0.001331,0.000553
58.9945300000,0.496171,0.300283,-0.001795,0.000840
59.0094100000,0.499118,0.300487,-0.001971,0.000970
59.0232000000,0.507871,0.301809,-0.002487,0.001360
59.0374800000,0.512215,0.302965,-0.003016,0.001697
59.0518000000,0.516098,0.303955,-0.003596,0.001871
59.0665000000,0.520428,0.304935,-0.004215,0.001888
59.0802300000,0.525497,0.305493,-0.004640,0.001795
59.0945300000,0.530991,0.305739,-0.004932,0.001671
59.1090000000,0.533905,0.305651,-0.005041,0.001570
59.1238500000,0.537604,0.305964,-0.004905,0.001434
59.1374900000,0.540885,0.306103,-0.004607,0.001279
59.1517300000,0.540885,0.306103,-0.004607,0.001279
59.1671000000,0.544657,0.306111,-0.004094,0.001108
59.1802700000,0.547827,0.306254,-0.003628,0.000980
59.1951100000,0.550546,0.306577,-0.003167,0.000921
59.2088500000,0.552959,0.306906,-0.002783,0.000901
59.2231200000,0.555292,0.307051,-0.002458,0.000901
59.2374400000,0.556528,0.306987,-0.002275,0.000863
59.2522400000,0.558024,0.306974,-0.002087,0.000734
59.2665100000,0.559263,0.306979,-0.001918,0.000613
59.2802700000,0.560331,0.306993,-0.001749,0.000528
59.2947300000,0.560781,0.306989,-0.001678,0.000490
59.3090800000,0.561527,0.306975,-0.001415,0.000432
59.3231700000,0.561912,0.306954,-0.001200,0.000390
59.3375000000,0.562435,0.307103,-0.000817,0.000423
59.3517300000,0.563180,0.307274,-0.000534,0.000550
59.3663300000,0.567658,0.307536,-0.000316,0.000674
59.3802200000,0.571943,0.307555,-0.000178,0.000825
59.3946500000,0.572710,0.307700,-0.000097,0.000921
59.4095200000,0.573780,0.307849,-0.000011,0.000970
59.4232300000,0.574098,0.307879,0.000018,0.000966
59.4374000000,0.574555,0.307827,0.000175,0.000889
59.4517600000,0.574786,0.307732,0.000360,0.000777
59.4664500000,0.574966,0.307594,0.000649,0.000631
59.4801700000,0.573432,0.306893,0.000959,0.000503
59.4944800000,0.560803,0.304254,0.001574,0.000301
59.5089800000,0.556550,0.303177,0.001975,0.000193
59.5237200000,0.547797,0.301959,0.002506,0.000064
59.5378300000,0.542583,0.301220,0.002993,-0.000060
59.5517300000,0.541141,0.300873,0.003134,-0.000089
59.5662400000,0.538212,0.299927,0.003530,-0.000162
59.5802100000,0.531054,0.298544,0.003815,-0.000122
59.5947600000,0.516661,0.296416,0.003978,-0.000047
59.6088900000,0.477590,0.290861,0.004006,0.000018
59.6231200000,0.469980,0.290795,0.003856,-0.000057
59.6374500000,0.463927,0.290740,0.003600,-0.000124
59.6527700000,0.458598,0.290201,0.003407,-0.000105
59.6664400000,0.454854,0.290270,0.003210,0.000003
59.6802000000,0.452331,0.290275,0.003145,0.000065
59.6945300000,0.444301,0.288582,0.429093,0.224847
59.7090700000,0.426736,0.287183,0.415033,0.208913
59.7234300000,0.422421,0.286273,0.396632,0.243215
59.7374700000,0.419475,0.284848,0.394356,0.245636
59.7516600000,0.413615,0.282316,0.378330,0.213329
59.7662700000,0.403175,0.280594,0.372861,0.221483
59.7804300000,0.396571,0.279246,0.367911,0.212361
59.7946900000,0.387128,0.276825,0.363034,0.205169
59.8091000000,0.377421,0.274188,0.356798,0.201248
59.8232100000,0.370849,0.274255,0.349492,0.198454
59.8374300000,0.368563,0.274163,0.347393,0.197559
59.8516800000,0.365708,0.273885,0.353279,0.241744
59.8671400000,0.363781,0.273644,0.356053,0.240255
59.8803000000,0.361545,0.273323,0.357391,0.235657
59.8945000000,0.344044,0.270452,0.320148,0.240424
59.9089000000,0.328058,0.268940,0.313434,0.228903
59.9232100000,0.323247,0.266992,0.304514,0.244889
59.9389000000,0.316238,0.264985,0.304396,0.245258
59.9516800000,0.310611,0.264376,0.304364,0.244256
59.9664700000,0.300249,0.262701,0.304378,0.241796
59.9801900000,0.289797,0.261070,0.277621,0.256095
59.9945800000,0.284713,0.260075,0.278017,0.256181
60.0087900000,0.279261,0.258608,0.279360,0.255336
60.0233900000,0.275495,0.257331,0.280921,0.234512
60.0374000000,0.271437,0.256366,0.283898,0.236126
60.0518000000,0.258787,0.253558,0.280293,0.238729
60.0688000000,0.249968,0.251622,0.250094,0.244030
60.0808800000,0.246290,0.250768,0.249128,0.244295
60.0946900000,0.238012,0.250177,0.238467,0.244911
60.1111400000,0.226093,0.247415,0.234084,0.248523
60.1232000000,0.220659,0.246114,0.231994,0.250356
60.1374400000,0.214388,0.245164,0.222454,0.249122
60.1516000000,0.202669,0.242121,0.218467,0.249451
60.1666900000,0.196334,0.240736,0.217038,0.249701
60.1802700000,0.192841,0.240021,0.211200,0.250726
60.1950100000,0.188791,0.239237,0.199568,0.248150
60.2091100000,0.183975,0.238361,0.189923,0.248347
60.2231500000,0.175488,0.236135,0.184231,0.246302
60.2376200000,0.161200,0.233999,0.176652,0.248707
60.2518600000,0.153348,0.231684,0.168389,0.249980
60.2665700000,0.144309,0.230463,0.165161,0.248454
60.2802200000,0.134071,0.228019,0.161655,0.246797
60.2944200000,0.127793,0.225353,0.155240,0.246397
60.3090300000,0.123418,0.227817,0.146448,0.242732
60.3230900000,0.110047,0.228184,0.143007,0.242066
60.3376400000,0.108970,0.228543,0.140312,0.242394
60.3517600000,0.107910,0.228422,0.137292,0.242540
60.3665200000,0.103110,0.227371,0.132142,0.241780
60.3802300000,0.081685,0.229646,0.123207,0.241105
60.3946400000,0.074166,0.231191,0.112090,0.239277
60.4087900000,0.058704,0.231821,0.103682,0.234723
60.4230600000,0.053709,0.231663,0.101759,0.233094
60.4374200000,0.047586,0.234158,0.092757,0.227358
60.4517600000,0.041093,0.234570,0.087122,0.227013
60.4681500000,0.034176,0.235167,0.081756,0.226651
60.4807700000,0.021346,0.233676,0.081391,0.226703
60.4945500000,0.005762,0.235376,0.074235,0.230266
60.5088800000,-0.007435,0.233277,0.057087,0.230554
60.5237000000,-0.018231,0.232780,0.048647,0.227603
60.5375100000,-0.021215,0.231594,0.038732,0.225778
60.5515900000,-0.032484,0.230147,0.032779,0.225819
60.5665600000,-0.038354,0.228160,0.029650,0.225604
60.5804500000,-0.043483,0.227385,0.026037,0.225235
60.5946700000,-0.048264,0.226058,0.016200,0.224844
60.6091000000,-0.052323,0.223431,0.008693,0.225136
60.6231000000,-0.054715,0.222396,0.006985,0.225657
60.6374200000,-0.059711,0.218403,0.002832,0.227281
60.6517900000,-0.061992,0.216217,-0.002868,0.227549
60.6670000000,-0.064263,0.215115,-0.007607,0.226920
60.6803000000,-0.068919,0.213502,-0.009840,0.226711
60.6944400000,-0.074396,0.212417,-0.012567,0.227021
60.7090000000,-0.078390,0.211373,-0.030114,0.259565
60.7232000000,-0.082326,0.210187,-0.036386,0.259264
60.7384500000,-0.088294,0.207169,-0.045951,0.249709
60.7516200000,-0.090694,0.207076,-0.048319,0.243352
60.7671900000,-0.096592,0.208329,-0.056698,0.247616
60.7801700000,-0.102427,0.207193,-0.061596,0.250044
60.7945800000,-0.106872,0.205359,-0.065331,0.245541
60.8089900000,-0.108195,0.205822,-0.069694,0.247470
60.8230600000,-0.113394,0.206266,-0.072820,0.247837
60.8374300000,-0.118318,0.206830,-0.074890,0.247740
60.8516000000,-0.126785,0.207813,-0.077913,0.248195
60.8671800000,-0.132633,0.209302,-0.083840,0.248796
60.8803000000,-0.135017,0.209914,-0.086643,0.248066
60.8951000000,-0.159161,0.207589,-0.094570,0.244650
60.9089400000,-0.181376,0.203799,-0.157248,0.208888
60.9232200000,-0.181210,0.204337,-0.156636,0.209394
60.9375900000,-0.180983,0.204538,-0.156330,0.209696
60.9522100000,-0.178951,0.200676,-0.156367,0.210935
60.9659100000,-0.177634,0.196889,-0.157138,0.212166
60.9804600000,-0.178197,0.196986,-0.158545,0.212411
60.9946800000,-0.180396,0.192543,-0.161286,0.212174
61.0090500000,-0.181490,0.192140,-0.161701,0.212013
61.0230900000,-0.183373,0.191607,-0.162206,0.211954
61.0374200000,-0.185855,0.180842,-0.165599,0.211315
61.0519200000,-0.187648,0.181122,-0.168431,0.210741
61.0664600000,-0.191833,0.180035,-0.171355,0.210666
61.0801900000,-0.221047,0.175840,-0.202850,0.212839
61.0944700000,-0.156492,0.181176,-0.099722,0.212590
61.1089900000,-0.087778,0.199484,-0.037045,0.216379
61.1230600000,-0.087972,0.199281,-0.031301,0.219097
61.1382100000,-0.086360,0.198146,-0.025624,0.220588
61.1517300000,-0.083210,0.197349,-0.022669,0.220899
61.1681600000,-0.073403,0.196662,-0.012011,0.219575
61.1802100000,-0.066198,0.196631,-0.009223,0.217313
61.1950400000,-0.061565,0.196678,-0.007311,0.216606
61.2090000000,-0.059213,0.195924,-0.000975,0.216055
61.2229800000,-0.042542,0.196926,0.014394,0.213674
61.2374500000,-0.038946,0.198214,0.014923,0.213661
61.2517600000,-0.032850,0.201769,0.016421,0.216453
61.2675700000,-0.025447,0.203281,0.018381,0.217179
61.2803100000,-0.023060,0.203219,0.026501,0.218075
61.2946700000,-0.020856,0.207402,0.038294,0.219647
61.3091600000,-0.017133,0.223112,0.049748,0.222930
61.3231800000,-0.014208,0.226680,0.055478,0.223534
61.3375700000,-0.011787,0.227722,0.064803,0.224524
61.3515800000,-0.005035,0.229344,0.067139,0.225478
61.3658700000,0.001204,0.228009,0.070729,0.226423
61.3804300000,0.004056,0.227910,0.072867,0.226725
61.3945400000,0.009722,0.227263,0.079945,0.226865
61.4117500000,0.022790,0.224308,0.084073,0.226226
61.4232000000,0.034418,0.222195,0.110074,0.233285
61.4385900000,0.108734,0.233932,0.170612,0.244645
61.4518900000,0.130086,0.236578,0.175767,0.243609
61.4677200000,0.139714,0.237633,0.191919,0.247176
61.4802300000,0.145666,0.238195,0.193481,0.245375
61.4944800000,0.154876,0.227911,0.195907,0.245572
61.5089400000,0.157033,0.226581,0.197114,0.245901
61.5231400000,0.160780,0.225252,0.205506,0.247696
61.5373100000,0.163202,0.224762,0.207723,0.246960
61.5516900000,0.166689,0.224715,0.208715,0.246935
61.5664900000,0.173358,0.225193,0.213696,0.247147
61.5801500000,0.183264,0.226627,0.225398,0.246719
61.5947200000,0.194117,0.227319,0.228255,0.248073
61.6088900000,0.199148,0.228103,0.231822,0.249944
61.6230200000,0.204844,0.229358,0.236470,0.250307
61.6372800000,0.212852,0.230405,0.254306,0.247200
61.6517600000,0.224239,0.231982,0.254523,0.246839
61.6681000000,0.232837,0.232490,0.254121,0.246721
61.6801900000,0.236251,0.232618,0.254319,0.246757
61.6946800000,0.240575,0.233064,0.256862,0.248351
61.7090100000,0.250573,0.233839,0.266508,0.251426
61.7234800000,0.255522,0.234262,0.280058,0.258331
61.7374000000,0.261583,0.235315,0.281381,0.257644
61.7518700000,0.272015,0.236829,0.283634,0.249089
61.7659000000,0.279400,0.238215,0.292428,0.254826
61.7803900000,0.284628,0.239123,0.305643,0.256729
61.7944700000,0.293267,0.240010,0.315001,0.259530
61.8101000000,0.296331,0.240480,0.314960,0.259511
61.8230800000,0.307600,0.240497,0.313374,0.245459
61.8373600000,0.313534,0.241454,0.334596,0.251868
61.8519200000,0.318895,0.242683,0.341641,0.235116
61.8660600000,0.323740,0.243592,0.345295,0.224377
61.8801300000,0.328919,0.243167,0.355301,0.239957
61.8945400000,0.335691,0.243285,0.357986,0.246956
61.9089100000,0.339617,0.243646,0.360495,0.250317
61.9230300000,0.349998,0.245322,0.363869,0.233323
61.9394000000,0.371430,0.238392,0.363672,0.220786
61.9521600000,0.375284,0.236585,0.379007,0.264269
61.9659700000,0.382859,0.237049,0.380390,0.264242
61.9802400000,0.266320,-0.086500,0.412292,0.262656
61.9945600000,0.336493,-0.179510,0.000378,-0.000022
62.0087200000,0.000381,-0.000104,0.000490,-0.000089
62.0230400000,0.000497,-0.000170,0.000606,-0.000155
62.0373600000,0.000669,-0.000349,0.000777,-0.000334
62.0517300000,0.000730,-0.000394,0.000839,-0.000379
62.0660900000,0.000744,-0.000351,0.000852,-0.000336
62.0802800000,0.000728,-0.000331,0.000836,-0.000316
62.0945700000,0.000612,-0.000242,0.000719,-0.000227
62.1089900000,0.000430,-0.000137,0.000537,-0.000121
62.1232000000,0.000202,-0.000045,0.000308,-0.000030
62.1393300000,-0.000098,0.000088,0.000007,0.000103
62.1517400000,0.489643,0.290142,0.492958,0.301097
62.1658100000,0.489962,0.290323,0.492961,0.300975
62.1803300000,0.490913,0.290414,0.494996,0.299543
62.1948100000,0.493402,0.290596,0.497402,0.298701
62.2090300000,0.493402,0.290596,0.497402,0.298701
62.2232900000,0.497068,0.290619,0.502033,0.298027
62.2374000000,0.499882,0.290672,0.507083,0.278608
62.2518400000,0.503006,0.290625,0.297840,0.437302
62.2663100000,0.506687,0.290734,-0.000086,0.000228
62.2801100000,0.510048,0.290904,-0.000051,0.000298
62.2945100000,0.513703,0.290988,0.000043,0.000360
62.3088000000,0.517914,0.290852,0.000153,0.000338
62.3233300000,0.520034,0.291041,0.000246,0.000282
62.3382300000,0.523217,0.291353,0.000371,0.000126
62.3520100000,0.524489,0.291525,0.000405,0.000084
62.3659900000,0.526208,0.291573,0.000464,-0.000018
62.3802900000,0.527144,0.291592,0.000473,-0.000049
62.3945700000,0.528535,0.291643,0.000513,-0.000129
62.4088800000,0.529523,0.291595,0.000629,-0.000281
62.4231300000,0.530352,0.291534,0.000813,-0.000447
62.4373200000,0.531135,0.291518,0.001077,-0.000585
62.4517300000,0.531530,0.291513,0.001285,-0.000639
62.4670000000,0.532915,0.291534,0.001515,-0.000641
62.4802400000,0.557343,0.289378,0.001723,-0.000674
62.4947800000,0.560565,0.289154,0.001778,-0.000698
62.5089000000,0.561737,0.289327,0.001981,-0.000801
62.5231700000,0.562148,0.289414,0.002180,-0.000941
62.5376400000,0.562259,0.289458,0.002223,-0.000990
62.5518400000,0.562325,0.289573,0.002137,-0.001011
62.5658200000,0.562270,0.289665,0.001895,-0.000975
62.5804600000,0.562124,0.289743,0.001524,-0.000909
62.5946100000,0.561960,0.289787,0.001215,-0.000850
62.6098100000,0.561768,0.289846,0.000803,-0.000798
62.6230600000,0.561722,0.289869,0.000686,-0.000793
62.6379900000,0.561541,0.289898,0.000346,-0.000780
62.6521300000,0.561422,0.289919,0.000181,-0.000790
62.6662000000,0.561362,0.289950,0.000153,-0.000764
62.6802600000,0.559927,0.289180,0.000226,-0.000766
62.6944400000,0.554880,0.287491,0.000398,-0.000851
62.7088500000,0.550378,0.286296,0.000545,-0.000951
62.7230300000,0.545894,0.285245,0.000805,-0.001154
62.7387200000,0.539246,0.283215,0.001068,-0.001371
62.7521400000,0.534615,0.282037,0.001138,-0.001441
62.7663800000,0.524142,0.280619,0.001376,-0.001659
62.7803000000,0.519009,0.279331,0.001527,-0.001758
62.7947300000,0.512340,0.277664,0.001692,-0.001818
62.8087100000,0.500855,0.275420,0.001927,-0.001806
